"uid","domainID","siteID","plotID","trapCoordinate","nlcdClass","decimalLatitude","decimalLongitude","geodeticDatum","coordinateUncertainty","elevation","elevationUncertainty","date","eventID","individualID","taxonID","scientificName","taxonRank","identificationQualifier","identificationStatus","sex","reproductiveCondition","recapture","fate","replacedTag","lifeStage","testes","nipples","pregnancyStatus","vagina","hindfootLength","earLength","tailLength","totalLength","weight","bloodSampleID","bloodSampleMethod","fecalSampleID","fecalSampleCondition","earSampleID","hairSampleID","whiskerSampleID","voucherSampleID","measuredBy","recordedBy","remarks","consistencyTagIDSexQF","consistencyTagIDTaxonIDQF","consistencyTagIDLifeStageQF","orderTagIDRecaptureQF","orderTagIDLifeStageQF"
"A1AF35C05AC84A64B1EF6D20049F422E","D11","OAES","OAES_007","I10","shrubScrub",35.419060,-99.055257,"WGS84",,524.2,,"2015-05-19","MAM.OAES.2015.05","NEON.MAM.D11.0L1209","PEMA","Peromyscus maniculatus","species",," ","M","N","N",,,"adult","nonscrotal",,,,17.0,12.0,50.0,137.0,18.00,,,,,,,,,"K015xPfLfah4eO1uZLmE3FLLe6b3pcen","+iQvVZ4QDC/6AZ19AJv4/Z5pPlRFlUUb",,0,0,0,-1,0
"12ADDDE4E34D4D61BE8A15727672DF03","D11","OAES","OAES_007","E6","shrubScrub",35.419421,-99.055698,"WGS84",,524.4,,"2015-05-19","MAM.OAES.2015.05","NEON.MAM.D11.0L1206","CHHI","Chaetodipus hispidus","species",," ","M","N","N",,,"adult","nonscrotal",,,,23.0,11.0,94.0,192.0,35.00,,,,,,,,,"K015xPfLfah4eO1uZLmE3FLLe6b3pcen","+iQvVZ4QDC/6AZ19AJv4/Z5pPlRFlUUb",,0,0,0,-1,0
"9BB4A0DF0CC44BEAAC0E404F76496BA1","D11","OAES","OAES_004","A7","grasslandHerbaceous",35.413527,-99.084148,"WGS84",,506.4,,"2015-05-19","MAM.OAES.2015.05","NEON.MAM.D11.0R1019","CHHI","Chaetodipus hispidus","species",," ","M","N","N",,,"adult","nonscrotal",,,,25.0,8.0,99.0,197.0,41.00,,,,,,,,,"E0QNXD+K2b5q2XkN9RjHNBArNVWYmvwc","n/e5H9DzKQmiwvmUmG2RGqatOQzXK2Fo1rbM7EummvE=",,0,0,0,-1,0
"BDFE388DC1E7407B814074EF88C5CAB6","D11","OAES","OAES_007","A3","shrubScrub",35.419781,-99.056028,"WGS84",,525.1,,"2015-05-19","MAM.OAES.2015.05","NEON.MAM.D11.0L1200","PEFL","Perognathus flavus","species",," ","F","N","N",,,"adult",,"nonenlarged","not","neither",14.0,4.0,48.0,98.0,6.00,,,,,,,,,"K015xPfLfah4eO1uZLmE3FLLe6b3pcen","+iQvVZ4QDC/6AZ19AJv4/Z5pPlRFlUUb",,0,0,0,-1,0
"97BCB54CAE7648968EA71BBE3107D899","D11","OAES","OAES_007","A6","shrubScrub",35.419781,-99.055698,"WGS84",,525.5,,"2015-05-19","MAM.OAES.2015.05","NEON.MAM.D11.0L1202","ONLE","Onychomys leucogaster","species",," ","F","N","N",,,"adult",,"nonenlarged","not","neither",20.0,15.0,52.0,132.0,43.00,,,,,,,,,"K015xPfLfah4eO1uZLmE3FLLe6b3pcen","+iQvVZ4QDC/6AZ19AJv4/Z5pPlRFlUUb",,0,0,0,-1,0
"C8EAD35368384A01B91938A65A25D7F0","D11","OAES","OAES_007","J7","shrubScrub",35.418970,-99.055587,"WGS84",,523.4,,"2015-05-19","MAM.OAES.2015.05","NEON.MAM.D11.0L1211","ONLE","Onychomys leucogaster","species",," ","M","N","N",,,"adult","nonscrotal",,,,20.0,12.0,41.0,132.0,40.00,,,,,,,,,"K015xPfLfah4eO1uZLmE3FLLe6b3pcen","+iQvVZ4QDC/6AZ19AJv4/Z5pPlRFlUUb",,0,0,0,-1,0
"A48726787AF642DE8B7F44486778C9ED","D11","OAES","OAES_007","C9","shrubScrub",35.419601,-99.055367,"WGS84",,525.8,,"2015-05-19","MAM.OAES.2015.05","NEON.MAM.D11.0L1224","CHHI","Chaetodipus hispidus","species",," ","M","R","N",,,"adult","scrotal",,,,22.0,11.0,98.0,200.0,56.00,,,,,,,,,"K015xPfLfah4eO1uZLmE3FLLe6b3pcen","+iQvVZ4QDC/6AZ19AJv4/Z5pPlRFlUUb",,0,0,0,-1,0
"F6BF38F8D5E14B578F3AAD49CAA88E5F","D11","OAES","OAES_007","D1","shrubScrub",35.419510,-99.056248,"WGS84",,524.1,,"2015-05-19","MAM.OAES.2015.05","NEON.MAM.D11.0L1204","CHHI","Chaetodipus hispidus","species",," ","M","N","N",,,"adult","nonscrotal",,,,24.0,12.0,98.0,202.0,47.00,,,,,,,,,"K015xPfLfah4eO1uZLmE3FLLe6b3pcen","+iQvVZ4QDC/6AZ19AJv4/Z5pPlRFlUUb",,0,0,0,-1,0
"7F5569F0CC194CD08796DA25D715E1BF","D11","OAES","OAES_007","E10","shrubScrub",35.419421,-99.055257,"WGS84",,525.4,,"2015-05-19","MAM.OAES.2015.05","NEON.MAM.D11.0L1208","PEMA","Peromyscus maniculatus","species",," ","M","N","N",,,"adult","nonscrotal",,,,17.0,15.0,55.0,133.0,15.00,,,,,,,,,"K015xPfLfah4eO1uZLmE3FLLe6b3pcen","+iQvVZ4QDC/6AZ19AJv4/Z5pPlRFlUUb",,0,0,0,-1,0
"B05D292582EB4CC6AF4A603287027D8D","D11","OAES","OAES_004","H6","grasslandHerbaceous",35.412896,-99.084258,"WGS84",,506.4,,"2015-05-19","MAM.OAES.2015.05","NEON.MAM.D11.0L1047","ONLE","Onychomys leucogaster","species",," ","M","R","N",,,"adult","scrotal",,,,,,,149.0,,,,,,,,,,"E0QNXD+K2b5q2XkN9RjHNBArNVWYmvwc","n/e5H9DzKQmiwvmUmG2RGqatOQzXK2Fo1rbM7EummvE=","Individual escaped and was recaptured but too stressed to continue taking measurements.",0,0,0,-1,0
"DB0E75AE721E4964B5011622BFC4A81F","D11","OAES","OAES_004","J9","grasslandHerbaceous",35.412716,-99.083927,"WGS84",,503.6,,"2015-05-19","MAM.OAES.2015.05","NEON.MAM.D11.0L1029","PEMA","Peromyscus maniculatus","species",," ","M","N","N",,,"adult","nonscrotal",,,,18.0,14.0,55.0,139.0,19.00,,,,,,,,,"E0QNXD+K2b5q2XkN9RjHNBArNVWYmvwc","n/e5H9DzKQmiwvmUmG2RGqatOQzXK2Fo1rbM7EummvE=",,0,0,0,-1,0
"33C574E042FE4576916741991D2DFFFB","D11","OAES","OAES_004","D7","grasslandHerbaceous",35.413257,-99.084148,"WGS84",,506.7,,"2015-05-19","MAM.OAES.2015.05","NEON.MAM.D11.0L1022","PEMA","Peromyscus maniculatus","species",," ","F","N","N",,,"subadult",,"nonenlarged","not","neither",17.0,13.0,57.0,137.0,17.00,,,,,,,,,"E0QNXD+K2b5q2XkN9RjHNBArNVWYmvwc","n/e5H9DzKQmiwvmUmG2RGqatOQzXK2Fo1rbM7EummvE=",,0,0,0,-1,0
"5305EC12CCC74FAEB1A9C1E8F7BDBDE9","D11","OAES","OAES_004","F2","grasslandHerbaceous",35.413076,-99.084699,"WGS84",,507.3,,"2015-05-19","MAM.OAES.2015.05","NEON.MAM.D11.0L1027","ONLE","Onychomys leucogaster","species",," ","F","R","N",,,"adult",,"enlarged","not","neither",19.0,13.0,44.0,133.0,36.00,,,,,,,,,"E0QNXD+K2b5q2XkN9RjHNBArNVWYmvwc","n/e5H9DzKQmiwvmUmG2RGqatOQzXK2Fo1rbM7EummvE=",,0,0,0,-1,0
"7316E8D192FA457B9DEFE40A40D04290","D11","OAES","OAES_004","F5","grasslandHerbaceous",35.413076,-99.084368,"WGS84",,506.9,,"2015-05-19","MAM.OAES.2015.05","NEON.MAM.D11.0L1028","PEFV","Perognathus flavescens","species",," ","F","N","N",,,"adult",,"nonenlarged","not","neither",14.0,7.0,50.0,112.0,9.00,,,,,,,,,"E0QNXD+K2b5q2XkN9RjHNBArNVWYmvwc","n/e5H9DzKQmiwvmUmG2RGqatOQzXK2Fo1rbM7EummvE=",,0,0,0,-1,0
"F93DF832078848C29FBB322997D398E8","D11","OAES","OAES_004","E8","grasslandHerbaceous",35.413167,-99.084038,"WGS84",,506.4,,"2015-05-19","MAM.OAES.2015.05","NEON.MAM.D11.0L1026","CHHI","Chaetodipus hispidus","species",," ","F","R","N",,,"adult",,"nonenlarged","not","swollen",16.0,12.0,101.0,202.0,41.00,,,,,,,,,"E0QNXD+K2b5q2XkN9RjHNBArNVWYmvwc","n/e5H9DzKQmiwvmUmG2RGqatOQzXK2Fo1rbM7EummvE=",,0,0,0,-1,0
"9B9A7D7F724F4D2BA065446EC17E49B7","D11","OAES","OAES_004","F9","grasslandHerbaceous",35.413077,-99.083928,"WGS84",,505.6,,"2015-05-19","MAM.OAES.2015.05","NEON.MAM.D11.0L1049","CHHI","Chaetodipus hispidus","species",," ","M","R","N",,,"adult","scrotal",,,,25.0,11.0,104.0,204.0,49.00,,,,,,,,,"E0QNXD+K2b5q2XkN9RjHNBArNVWYmvwc","n/e5H9DzKQmiwvmUmG2RGqatOQzXK2Fo1rbM7EummvE=",,0,0,0,-1,0
"0A9D67BC59904782AC8687B8C6355024","D11","OAES","OAES_004","D1","grasslandHerbaceous",35.413256,-99.084809,"WGS84",,508.0,,"2015-05-19","MAM.OAES.2015.05","NEON.MAM.D11.0L1021","ONLE","Onychomys leucogaster","species",," ","M","N","N",,,"adult","nonscrotal",,,,22.0,15.0,45.0,149.0,42.00,,,,,,,,,"E0QNXD+K2b5q2XkN9RjHNBArNVWYmvwc","n/e5H9DzKQmiwvmUmG2RGqatOQzXK2Fo1rbM7EummvE=",,0,0,0,-1,0
"D48B0B76324E44F198FB5C1A884234EC","D11","OAES","OAES_004","D3","grasslandHerbaceous",35.413256,-99.084589,"WGS84",,507.6,,"2015-05-19","MAM.OAES.2015.05","NEON.MAM.D11.0L1023","PEMA","Peromyscus maniculatus","species",," ","F","N","N",,,"adult",,"nonenlarged","not","neither",19.0,13.0,65.0,152.0,24.00,,,,,,,,,"E0QNXD+K2b5q2XkN9RjHNBArNVWYmvwc","n/e5H9DzKQmiwvmUmG2RGqatOQzXK2Fo1rbM7EummvE=",,0,0,0,-1,0
"0B06813202CC42BF848DBC48918F6E82","D11","OAES","OAES_004","H5","grasslandHerbaceous",35.412896,-99.084368,"WGS84",,506.6,,"2015-05-19","MAM.OAES.2015.05","NEON.MAM.D11.0L1030","CHHI","Chaetodipus hispidus","species",," ","M","R","N",,,"adult","scrotal",,,,25.0,9.0,95.0,206.0,42.00,,,,,,,,,"E0QNXD+K2b5q2XkN9RjHNBArNVWYmvwc","n/e5H9DzKQmiwvmUmG2RGqatOQzXK2Fo1rbM7EummvE=",,0,0,0,-1,0
"BC3D43BC24E5474C9E2621E6E0AA4E2F","D11","OAES","OAES_004","I4","grasslandHerbaceous",35.412806,-99.084478,"WGS84",,506.3,,"2015-05-19","MAM.OAES.2015.05","NEON.MAM.D11.0L1031","CHHI","Chaetodipus hispidus","species",," ","M","R","N",,,"adult","scrotal",,,,26.0,12.0,104.0,222.0,59.00,,,,,,,,,"E0QNXD+K2b5q2XkN9RjHNBArNVWYmvwc","n/e5H9DzKQmiwvmUmG2RGqatOQzXK2Fo1rbM7EummvE=",,0,0,0,-1,0
"5232202BB10C47A5A0ED99341162D5A0","D11","OAES","OAES_007","D3","shrubScrub",35.419511,-99.056028,"WGS84",,524.3,,"2015-05-19","MAM.OAES.2015.05","NEON.MAM.D11.0L1205","ONLE","Onychomys leucogaster","species",," ","M","R","N",,,"adult","scrotal",,,,20.0,14.0,39.0,133.0,43.00,,,,,,,,,"K015xPfLfah4eO1uZLmE3FLLe6b3pcen","+iQvVZ4QDC/6AZ19AJv4/Z5pPlRFlUUb",,0,0,0,-1,0
"82B9412B86814073A744D8A10B722961","D11","OAES","OAES_007","H10","shrubScrub",35.419150,-99.055257,"WGS84",,524.4,,"2015-05-19","MAM.OAES.2015.05","NEON.MAM.D11.0L1210","PEFL","Perognathus flavus","species",," ","F","N","N",,,"adult",,"nonenlarged","not","neither",14.0,4.0,55.0,111.0,7.00,,,,,,,,,"K015xPfLfah4eO1uZLmE3FLLe6b3pcen","+iQvVZ4QDC/6AZ19AJv4/Z5pPlRFlUUb",,0,0,0,-1,0
"6FB253B957D048FABD9C694A862F66E2","D11","OAES","OAES_007","A5","shrubScrub",35.419781,-99.055808,"WGS84",,525.4,,"2015-05-19","MAM.OAES.2015.05","NEON.MAM.D11.0L1201","PEFL","Perognathus flavus","species",," ","F","N","N",,,"adult",,"nonenlarged","not","neither",14.0,7.0,52.0,113.0,9.00,,,,,,,,,"K015xPfLfah4eO1uZLmE3FLLe6b3pcen","+iQvVZ4QDC/6AZ19AJv4/Z5pPlRFlUUb",,0,0,0,-1,0
"837BA2CE5F034DEA8F44A2A0DD2322CC","D11","OAES","OAES_007","C7","shrubScrub",35.419601,-99.055588,"WGS84",,525.2,,"2015-05-19","MAM.OAES.2015.05","NEON.MAM.D11.0L1203","ONLE","Onychomys leucogaster","species",," ","F","R","N",,,"adult",,"enlarged","not","neither",21.0,15.0,43.0,133.0,38.00,,,,,,,,,"K015xPfLfah4eO1uZLmE3FLLe6b3pcen","+iQvVZ4QDC/6AZ19AJv4/Z5pPlRFlUUb",,0,0,0,-1,0
"8222EEA62450454E8164519F105BBE00","D11","OAES","OAES_007","I1","shrubScrub",35.419060,-99.056248,"WGS84",,521.8,,"2015-05-19","MAM.OAES.2015.05","NEON.MAM.D11.0L1223","ONLE","Onychomys leucogaster","species",," ","F","N","N",,,"adult",,"nonenlarged","not","neither",22.0,13.0,49.0,140.0,47.00,,,,,,,,,"K015xPfLfah4eO1uZLmE3FLLe6b3pcen","+iQvVZ4QDC/6AZ19AJv4/Z5pPlRFlUUb",,0,0,0,-1,0
"A676CF3512704821BA555FE2D4CC8BAA","D11","OAES","OAES_004","A6","grasslandHerbaceous",35.413527,-99.084259,"WGS84",,506.7,,"2015-05-19","MAM.OAES.2015.05","NEON.MAM.D11.0L1020","ONLE","Onychomys leucogaster","species",," ","F","R","N",,,"adult",,"enlarged","pregnant","plugged",19.0,14.0,44.0,122.0,38.00,,,,,,,,,"E0QNXD+K2b5q2XkN9RjHNBArNVWYmvwc","n/e5H9DzKQmiwvmUmG2RGqatOQzXK2Fo1rbM7EummvE=",,0,0,0,-1,0
"F5F6D195638C4492994206F7CC25218F","D11","OAES","OAES_004","C10","grasslandHerbaceous",35.413347,-99.083818,"WGS84",,504.2,,"2015-05-19","MAM.OAES.2015.05","NEON.MAM.D11.0L1024","CHHI","Chaetodipus hispidus","species",," ","F","N","N",,,"adult",,"nonenlarged","not","neither",24.0,12.0,99.0,201.0,45.00,,,,,,,,,"E0QNXD+K2b5q2XkN9RjHNBArNVWYmvwc","n/e5H9DzKQmiwvmUmG2RGqatOQzXK2Fo1rbM7EummvE=",,0,0,0,-1,0
"402EE708C6CD416291035EA021DCC302","D11","OAES","OAES_004","G10","grasslandHerbaceous",35.412986,-99.083817,"WGS84",,504.7,,"2015-05-19","MAM.OAES.2015.05","NEON.MAM.D11.0L1048","ONLE","Onychomys leucogaster","species",," ","F","R","N",,,"adult",,"enlarged","not","neither",20.0,14.0,45.0,135.0,41.00,,,,,,,,,"E0QNXD+K2b5q2XkN9RjHNBArNVWYmvwc","n/e5H9DzKQmiwvmUmG2RGqatOQzXK2Fo1rbM7EummvE=",,0,0,0,-1,0
"9195A7E257774CB9A3976270C1429967","D11","OAES","OAES_001","G2","grasslandHerbaceous",35.413681,-99.059116,"WGS84",,517.9,,"2015-05-21","MAM.OAES.2015.05","NEON.MAM.D11.0L1232","CHHI","Chaetodipus hispidus","species",," ","M","R","N",,,"adult","scrotal",,,,,,,,53.00,,,,,,,,,"K015xPfLfah4eO1uZLmE3FLLe6b3pcen","zqzI6VPGJkqKrnUdkEIpiHhaRLZfA7fK",,0,0,0,-1,0
"2357C36A4FB9449B93B193257DDB3388","D11","OAES","OAES_010","F10","grasslandHerbaceous",35.398003,-99.059110,"WGS84",,505.9,,"2015-05-21","MAM.OAES.2015.05","NEON.MAM.D11.954541","SPTR","Spermophilus tridecemlineatus","species",," ","M","R","N",,,"adult","scrotal",,,,33.0,7.0,85.0,235.0,129.00,,,,,,,,,"E0QNXD+K2b5q2XkN9RjHNBArNVWYmvwc","n/e5H9DzKQmiwvmUmG2RGqatOQzXK2Fo1rbM7EummvE=",,0,0,0,-1,0
"8C6968CC02B245C8ADF66FA2C775739D","D11","OAES","OAES_001","H1","grasslandHerbaceous",35.413591,-99.059226,"WGS84",,517.2,,"2015-05-21","MAM.OAES.2015.05","NEON.MAM.D11.0L1235","ONLE","Onychomys leucogaster","species",," ","F","R","N",,,"adult",,"enlarged","not","neither",,,,,35.00,,,,,,,,,"K015xPfLfah4eO1uZLmE3FLLe6b3pcen","zqzI6VPGJkqKrnUdkEIpiHhaRLZfA7fK",,0,0,0,-1,0
"3B97B116CD494768B2744B508517A977","D11","OAES","OAES_001","H3","grasslandHerbaceous",35.413591,-99.059006,"WGS84",,517.6,,"2015-05-21","MAM.OAES.2015.05","NEON.MAM.D11.0L1236","PEMA","Peromyscus maniculatus","species",," ","M","N","N",,,"adult","nonscrotal",,,,20.0,14.0,62.0,140.0,22.00,,,,,,,,,"K015xPfLfah4eO1uZLmE3FLLe6b3pcen","zqzI6VPGJkqKrnUdkEIpiHhaRLZfA7fK",,0,0,0,-1,0
"24205F9F984341C085DB8B915D96D13B","D11","OAES","OAES_001","H6","grasslandHerbaceous",35.413591,-99.058676,"WGS84",,518.2,,"2015-05-21","MAM.OAES.2015.05","NEON.MAM.D11.0L1238","CHHI","Chaetodipus hispidus","species",," ","M","N","N",,,"adult","nonscrotal",,,,,,,,50.00,,,,,,,,,"K015xPfLfah4eO1uZLmE3FLLe6b3pcen","zqzI6VPGJkqKrnUdkEIpiHhaRLZfA7fK",,0,0,0,-1,0
"1C2EC26E8A6D4C9F91FB59B8A60CE4F5","D11","OAES","OAES_001","E3","grasslandHerbaceous",35.413861,-99.059006,"WGS84",,519.0,,"2015-05-21","MAM.OAES.2015.05","NEON.MAM.D11.0L1226","ONLE","Onychomys leucogaster","species",," ","M","N","N",,,"adult","nonscrotal",,,,,,,,32.00,,,,,,,,,"K015xPfLfah4eO1uZLmE3FLLe6b3pcen","zqzI6VPGJkqKrnUdkEIpiHhaRLZfA7fK",,0,0,0,-1,0
"2F4186721C034C8BBA2224087C9AF308","D11","OAES","OAES_001","E8","grasslandHerbaceous",35.413862,-99.058455,"WGS84",,520.4,,"2015-05-21","MAM.OAES.2015.05","NEON.MAM.D11.0R1225","CHHI","Chaetodipus hispidus","species",," ","F","N","N",,,"adult",,"nonenlarged","not","neither",,,,,40.00,,,,,,,,,"K015xPfLfah4eO1uZLmE3FLLe6b3pcen","zqzI6VPGJkqKrnUdkEIpiHhaRLZfA7fK","Individual moved when ear tag was placed in left ear and slit ear.",0,0,0,-1,0
"8D9572DF9DE747479973D6B58C4F9E44","D11","OAES","OAES_001","F1","grasslandHerbaceous",35.413771,-99.059226,"WGS84",,518.1,,"2015-05-21","MAM.OAES.2015.05","NEON.MAM.D11.0L1228","ONLE","Onychomys leucogaster","species",," ","F","R","N",,,"adult",,"enlarged","not","neither",,,,,41.00,,,,,,,,,"K015xPfLfah4eO1uZLmE3FLLe6b3pcen","zqzI6VPGJkqKrnUdkEIpiHhaRLZfA7fK",,0,0,0,-1,0
"CA01B1803B4C4385A2AD9ACC345E4441","D11","OAES","OAES_001","C4","grasslandHerbaceous",35.414042,-99.058896,"WGS84",,520.0,,"2015-05-21","MAM.OAES.2015.05","NEON.MAM.D11.0L1216","MIOC","Microtus ochrogaster","species",," ","M","N","N",,,"adult","nonscrotal",,,,19.0,10.0,32.0,117.0,49.00,,,,,,,,,"K015xPfLfah4eO1uZLmE3FLLe6b3pcen","zqzI6VPGJkqKrnUdkEIpiHhaRLZfA7fK",,0,0,0,-1,0
"7F1E08992E104DBC91B451BA9EFFC091","D11","OAES","OAES_001","D6","grasslandHerbaceous",35.413952,-99.058676,"WGS84",,520.3,,"2015-05-21","MAM.OAES.2015.05","NEON.MAM.D11.0L1220","ONLE","Onychomys leucogaster","species",," ","F","N","N",,,"adult",,"nonenlarged","not","neither",,,,,36.00,,,,,,,,,"K015xPfLfah4eO1uZLmE3FLLe6b3pcen","zqzI6VPGJkqKrnUdkEIpiHhaRLZfA7fK",,0,0,0,-1,0
"562D7ABB775043D4BE97CEA7C88569C5","D11","OAES","OAES_001","D7","grasslandHerbaceous",35.413952,-99.058566,"WGS84",,520.6,,"2015-05-21","MAM.OAES.2015.05","NEON.MAM.D11.0L1221","MIOC","Microtus ochrogaster","species",," ","M","N","N",,,"adult","nonscrotal",,,,17.0,12.0,29.0,121.0,25.00,,,,,,,,,"K015xPfLfah4eO1uZLmE3FLLe6b3pcen","zqzI6VPGJkqKrnUdkEIpiHhaRLZfA7fK",,0,0,0,-1,0
"62DD6D471A2648928F72C822C79840E8","D11","OAES","OAES_001","A2","grasslandHerbaceous",35.414222,-99.059117,"WGS84",,519.7,,"2015-05-21","MAM.OAES.2015.05","NEON.MAM.D11.0L1212","CHHI","Chaetodipus hispidus","species",," ","F","N","N",,,"adult",,"nonenlarged","not","neither",23.0,12.0,34.0,132.0,44.00,,,,,,,,,"K015xPfLfah4eO1uZLmE3FLLe6b3pcen","zqzI6VPGJkqKrnUdkEIpiHhaRLZfA7fK",,0,0,0,-1,0
"2469A6B7F9654CA28970776724AE63F5","D11","OAES","OAES_001","B6","grasslandHerbaceous",35.414132,-99.058676,"WGS84",,520.9,,"2015-05-21","MAM.OAES.2015.05","NEON.MAM.D11.0L1213","ONLE","Onychomys leucogaster","species",," ","M","N","N",,,"adult","nonscrotal",,,,21.0,15.0,41.0,138.0,40.00,,,,,,,,,"K015xPfLfah4eO1uZLmE3FLLe6b3pcen","zqzI6VPGJkqKrnUdkEIpiHhaRLZfA7fK",,0,0,0,-1,0
"D40B63F289524BD0984DA89173E540F7","D11","OAES","OAES_001","G10","grasslandHerbaceous",35.413681,-99.058235,"WGS84",,520.0,,"2015-05-21","MAM.OAES.2015.05","NEON.MAM.D11.0L1234","ONLE","Onychomys leucogaster","species",," ","F","R","N",,,"adult",,"enlarged","not","neither",,,,,47.00,,,,,,,,,"K015xPfLfah4eO1uZLmE3FLLe6b3pcen","zqzI6VPGJkqKrnUdkEIpiHhaRLZfA7fK",,0,0,0,-1,0
"428CA82890C543FDACFFA166DEE873C4","D11","OAES","OAES_010","C7","grasslandHerbaceous",35.398273,-99.059441,"WGS84",,504.1,,"2015-05-21","MAM.OAES.2015.05","NEON.MAM.D11.953940","MIOC","Microtus ochrogaster","species",," ","M","N","N",,,"adult","nonscrotal",,,,19.0,11.0,31.0,129.0,37.00,,"unsuccessful",,,,,,,"E0QNXD+K2b5q2XkN9RjHNBArNVWYmvwc","n/e5H9DzKQmiwvmUmG2RGqatOQzXK2Fo1rbM7EummvE=",,0,0,0,-1,0
"3D37E7DD2E784F0FB229A32B1D8AE505","D11","OAES","OAES_002","B3","grasslandHerbaceous",35.419381,-99.051071,"WGS84",,520.1,,"2015-05-21","MAM.OAES.2015.05",,"PEMA","Peromyscus maniculatus","species",," ",,"N","N","escaped",,,,,"not",,,,,,,,,,,,,,,"K015xPfLfah4eO1uZLmE3FLLe6b3pcen","zqzI6VPGJkqKrnUdkEIpiHhaRLZfA7fK",,-1,-1,-1,-1,-1
"FB7DCCA61D4B476AB62876164868FB9B","D11","OAES","OAES_030","B10","shrubScrub",35.409021,-99.070755,"WGS84",,511.1,,"2015-05-21","MAM.OAES.2015.05","NEON.MAM.D11.0L1085","ONLE","Onychomys leucogaster","species",," ","F","R","N",,,"adult",,"enlarged","not","neither",20.0,12.0,42.0,134.0,33.00,,,,,,,,,"E0QNXD+K2b5q2XkN9RjHNBArNVWYmvwc","n/e5H9DzKQmiwvmUmG2RGqatOQzXK2Fo1rbM7EummvE=",,0,0,0,-1,0
"2E02EDF80D9A49A0897C538EFB793633","D11","OAES","OAES_002","E3","grasslandHerbaceous",35.419111,-99.051071,"WGS84",,521.9,,"2015-05-21","MAM.OAES.2015.05","NEON.MAM.D11.0L1243","ONLE","Onychomys leucogaster","species",," ","F","R","N","escaped",,"adult",,"enlarged","pregnant","neither",,,,,,"OAES.20150521.L1243.B","mandibular",,,,,,,"K015xPfLfah4eO1uZLmE3FLLe6b3pcen","zqzI6VPGJkqKrnUdkEIpiHhaRLZfA7fK",,0,0,0,-1,0
"7C3F8085A409428CA2F9D044B95F3E52","D11","OAES","OAES_002","C4","grasslandHerbaceous",35.419291,-99.050961,"WGS84",,520.1,,"2015-05-21","MAM.OAES.2015.05","NEON.MAM.D11.0L1241","PEMA","Peromyscus maniculatus","species",," ","F","R","N",,,"adult",,"enlarged","not","neither",18.0,14.0,90.0,170.0,13.00,"OAES.20150521.L1241.B","mandibular",,,,,,,"K015xPfLfah4eO1uZLmE3FLLe6b3pcen","zqzI6VPGJkqKrnUdkEIpiHhaRLZfA7fK",,0,0,0,-1,0
"37044A7B1CF64BF8A574D6A86646F15E","D11","OAES","OAES_010","E3","grasslandHerbaceous",35.398093,-99.059881,"WGS84",,502.1,,"2015-05-21","MAM.OAES.2015.05","NEON.MAM.D11.0L1079","PEMA","Peromyscus maniculatus","species",," ","M","N","N",,,"adult","nonscrotal",,,,18.0,13.0,57.0,136.0,18.00,"OAES.20150521.L1079.B","mandibular",,,,,,,"E0QNXD+K2b5q2XkN9RjHNBArNVWYmvwc","n/e5H9DzKQmiwvmUmG2RGqatOQzXK2Fo1rbM7EummvE=",,0,0,0,-1,0
"B9242C45E3664842A7CF383B39DB1C7F","D11","OAES","OAES_010","D1","grasslandHerbaceous",35.398183,-99.060101,"WGS84",,501.2,,"2015-05-21","MAM.OAES.2015.05","NEON.MAM.D11.0L1077","PEMA","Peromyscus maniculatus","species",," ","M","R","N",,,"adult","scrotal",,,,17.0,11.0,48.0,116.0,15.00,"OAES.20150521.L1077.B","mandibular",,,,,,,"E0QNXD+K2b5q2XkN9RjHNBArNVWYmvwc","n/e5H9DzKQmiwvmUmG2RGqatOQzXK2Fo1rbM7EummvE=",,0,0,0,-1,0
"6B55526354254E2F8ADF303C1253B915","D11","OAES","OAES_002","H1","grasslandHerbaceous",35.418840,-99.051291,"WGS84",,523.2,,"2015-05-21","MAM.OAES.2015.05","NEON.MAM.D11.0L1250","ONLE","Onychomys leucogaster","species",," ","M","R","N",,,"adult","scrotal",,,,,,,,38.00,"OAES.20150521.L1250.B","mandibular",,,,,,,"K015xPfLfah4eO1uZLmE3FLLe6b3pcen","zqzI6VPGJkqKrnUdkEIpiHhaRLZfA7fK",,0,0,0,-1,0
"1680CD286EFC413785A71ECD977EC48D","D11","OAES","OAES_010","H2","grasslandHerbaceous",35.397822,-99.059991,"WGS84",,502.0,,"2015-05-21","MAM.OAES.2015.05","NEON.MAM.D11.0R1082","PEMA","Peromyscus maniculatus","species",," ","M","R","N",,,"adult","scrotal",,,,15.0,10.0,55.0,122.0,15.00,"OAES.20150521.R1082.B","mandibular",,,,,,,"E0QNXD+K2b5q2XkN9RjHNBArNVWYmvwc","n/e5H9DzKQmiwvmUmG2RGqatOQzXK2Fo1rbM7EummvE=",,0,0,0,-1,0
"FCA906CE5C8A4A41BB4565A450010EB5","D11","OAES","OAES_002","G4","grasslandHerbaceous",35.418931,-99.050960,"WGS84",,522.1,,"2015-05-21","MAM.OAES.2015.05","NEON.MAM.D11.0L1248","ONLE","Onychomys leucogaster","species",," ","M","R","N",,,"adult","scrotal",,,,,,,,42.00,"OAES.20150521.L1248.B","mandibular",,,,,,,"K015xPfLfah4eO1uZLmE3FLLe6b3pcen","zqzI6VPGJkqKrnUdkEIpiHhaRLZfA7fK",,0,0,0,-1,0
"69C030E41F524AD1B56A2376820FE9A1","D11","OAES","OAES_002","G1","grasslandHerbaceous",35.418930,-99.051291,"WGS84",,523.1,,"2015-05-21","MAM.OAES.2015.05","NEON.MAM.D11.0L1246","PELE","Peromyscus leucopus","species","cf. species"," ","F","R","N",,,"adult",,"enlarged","not","neither",18.0,15.0,67.0,122.0,18.00,"OAES.20150521.L1246.B","mandibular",,,,,,,"K015xPfLfah4eO1uZLmE3FLLe6b3pcen","zqzI6VPGJkqKrnUdkEIpiHhaRLZfA7fK","Tail not as distinctly bicolored. Measurements inconclusive.",0,0,0,-1,0
"EC8313DAE7D842DD8A9D3664AC242A60","D11","OAES","OAES_029","C8","shrubScrub",35.416992,-99.050477,"WGS84",,517.9,,"2015-05-21","MAM.OAES.2015.05","NEON.MAM.D11.0L1259","ONLE","Onychomys leucogaster","species",," ","F","N","N",,,"adult",,"nonenlarged","not","neither",,,,,32.00,,,,,,,,,"K015xPfLfah4eO1uZLmE3FLLe6b3pcen","zqzI6VPGJkqKrnUdkEIpiHhaRLZfA7fK",,0,0,0,-1,0
"C603061604404DDFBCB55F922E14C7A2","D11","OAES","OAES_029","E9","shrubScrub",35.416811,-99.050367,"WGS84",,516.6,,"2015-05-21","MAM.OAES.2015.05","NEON.MAM.D11.0L1262","ONLE","Onychomys leucogaster","species",," ","F","R","N",,,"adult",,"enlarged","not","neither",,,,,37.00,,,,,,,,,"K015xPfLfah4eO1uZLmE3FLLe6b3pcen","zqzI6VPGJkqKrnUdkEIpiHhaRLZfA7fK",,0,0,0,-1,0
"ED97CFBE6C3F4638BE8F1B4BD203F503","D11","OAES","OAES_029","E6","shrubScrub",35.416811,-99.050698,"WGS84",,518.3,,"2015-05-21","MAM.OAES.2015.05","NEON.MAM.D11.0L1261","PEMA","Peromyscus maniculatus","species","cf. species"," ","F","N","N",,,"juvenile",,"nonenlarged","not","neither",18.0,14.0,60.0,137.0,13.00,,,,,,,,,"K015xPfLfah4eO1uZLmE3FLLe6b3pcen","zqzI6VPGJkqKrnUdkEIpiHhaRLZfA7fK","Measurements fit PEMA more closely, however the tail was less distinctly bicolored than others.",0,0,0,-1,0
"A9F0D80466DC4F4B82D30D9C92F0A58B","D11","OAES","OAES_030","G5","shrubScrub",35.408570,-99.071305,"WGS84",,509.5,,"2015-05-21","MAM.OAES.2015.05","NEON.MAM.D11.0L1087","CHHI","Chaetodipus hispidus","species",," ","F","R","N",,,"adult",,"enlarged","not","neither",,,,,,,,,,,,,,"E0QNXD+K2b5q2XkN9RjHNBArNVWYmvwc","n/e5H9DzKQmiwvmUmG2RGqatOQzXK2Fo1rbM7EummvE=",,0,0,0,-1,0
"9CECA3753AF54CE6B378BA5DA769F710","D11","OAES","OAES_029","G5","shrubScrub",35.416631,-99.050808,"WGS84",,518.7,,"2015-05-21","MAM.OAES.2015.05","NEON.MAM.D11.0L1264","CHHI","Chaetodipus hispidus","species",," ","M","R","N",,,"adult","scrotal",,,,,,,,40.00,,,,,,,,,"K015xPfLfah4eO1uZLmE3FLLe6b3pcen","zqzI6VPGJkqKrnUdkEIpiHhaRLZfA7fK",,0,0,0,-1,0
"412577A428714EE196A87A63C35EB959","D11","OAES","OAES_029","G1","shrubScrub",35.416631,-99.051248,"WGS84",,521.1,,"2015-05-21","MAM.OAES.2015.05","NEON.MAM.D11.0L1263","ONLE","Onychomys leucogaster","species",," ","M","N","N",,,"adult","nonscrotal",,,,,,,,43.00,,,,,,,,,"K015xPfLfah4eO1uZLmE3FLLe6b3pcen","zqzI6VPGJkqKrnUdkEIpiHhaRLZfA7fK",,0,0,0,-1,0
"CC5357CCD8944536A4BCD606C5E9AC33","D11","OAES","OAES_029","B5","shrubScrub",35.417082,-99.050808,"WGS84",,519.3,,"2015-05-21","MAM.OAES.2015.05","NEON.MAM.D11.0L1256","ONLE","Onychomys leucogaster","species",," ","M","N","N",,,"adult","nonscrotal",,,,,,,,35.00,,,,,,,,,"K015xPfLfah4eO1uZLmE3FLLe6b3pcen","zqzI6VPGJkqKrnUdkEIpiHhaRLZfA7fK","Sickly looking. Did not attempt to bleed.",0,0,0,-1,0
"4850210C1710439DAAD0C1EDB39F95E8","D11","OAES","OAES_029","B7","shrubScrub",35.417082,-99.050588,"WGS84",,518.4,,"2015-05-21","MAM.OAES.2015.05","NEON.MAM.D11.0L1257","PEMA","Peromyscus maniculatus","species",," ","M","N","N",,,"juvenile","nonscrotal",,,,17.0,15.0,58.0,134.0,13.00,"OAES.20150521.L1257.B","mandibular",,,,,,,"K015xPfLfah4eO1uZLmE3FLLe6b3pcen","zqzI6VPGJkqKrnUdkEIpiHhaRLZfA7fK",,0,0,0,-1,0
"E258BF01594B474B90886E4E9B5DD7BF","D11","OAES","OAES_029","B9","shrubScrub",35.417082,-99.050367,"WGS84",,517.3,,"2015-05-21","MAM.OAES.2015.05","NEON.MAM.D11.0L1258","PEMA","Peromyscus maniculatus","species",," ","F","R","N",,,"adult",,"enlarged","pregnant","neither",20.0,15.0,70.0,165.0,27.00,,,,,,,,,"K015xPfLfah4eO1uZLmE3FLLe6b3pcen","zqzI6VPGJkqKrnUdkEIpiHhaRLZfA7fK",,0,0,0,-1,0
"DBD8D59675DC4269920EED6D704F3E4E","D11","OAES","OAES_029","A7","shrubScrub",35.417172,-99.050588,"WGS84",,518.4,,"2015-05-21","MAM.OAES.2015.05","NEON.MAM.D11.0L1255","ONLE","Onychomys leucogaster","species",," ","M","R","N",,,"adult","scrotal",,,,,,,,37.00,"OAES.20150521.L1255.B","mandibular",,,,,,,"K015xPfLfah4eO1uZLmE3FLLe6b3pcen","zqzI6VPGJkqKrnUdkEIpiHhaRLZfA7fK",,0,0,0,-1,0
"71F3EE383B924352ADDAC06A8E3D56AA","D11","OAES","OAES_029","A5","shrubScrub",35.417172,-99.050808,"WGS84",,519.4,,"2015-05-21","MAM.OAES.2015.05","NEON.MAM.D11.0L1254","PEMA","Peromyscus maniculatus","species",," ",,"N","N",,,"adult",,,"not",,16.0,13.0,54.0,,19.00,"OAES.20150521.L1254.B","mandibular",,,,,,,"K015xPfLfah4eO1uZLmE3FLLe6b3pcen","zqzI6VPGJkqKrnUdkEIpiHhaRLZfA7fK",,0,0,0,-1,0
"F634C131FFF741C5816ACAE1F0E01DBA","D11","OAES","OAES_001","B10","grasslandHerbaceous",35.414132,-99.058235,"WGS84",,522.0,,"2015-05-21","MAM.OAES.2015.05","NEON.MAM.D11.0L1215","ONLE","Onychomys leucogaster","species",," ","F","R","N",,,"adult",,"enlarged","not","neither",20.0,17.0,40.0,128.0,50.00,,,,,,,,,"K015xPfLfah4eO1uZLmE3FLLe6b3pcen","zqzI6VPGJkqKrnUdkEIpiHhaRLZfA7fK",,0,0,0,-1,0
"294F7C7E90774464AC2199EF1E9A38BD","D11","OAES","OAES_002","F10","grasslandHerbaceous",35.419021,-99.050299,"WGS84",,518.7,,"2015-05-21","MAM.OAES.2015.05","NEON.MAM.D11.0L1245","CHHI","Chaetodipus hispidus","species",," ","M","R","N",,,"adult","scrotal",,,,,,,,48.00,,,,,,,,,"K015xPfLfah4eO1uZLmE3FLLe6b3pcen","zqzI6VPGJkqKrnUdkEIpiHhaRLZfA7fK",,0,0,0,-1,0
"6CE1743614B044889025DEB2482B794A","D11","OAES","OAES_001","G7","grasslandHerbaceous",35.413681,-99.058565,"WGS84",,519.1,,"2015-05-21","MAM.OAES.2015.05","NEON.MAM.D11.0L1231","ONLE","Onychomys leucogaster","species",," ","M","R","N",,,"adult","scrotal",,,,,,,,40.00,,,,,,,,,"K015xPfLfah4eO1uZLmE3FLLe6b3pcen","zqzI6VPGJkqKrnUdkEIpiHhaRLZfA7fK",,0,0,0,-1,0
"B4EFBD82AF664D9D97A6CBFBA17CA6E1","D11","OAES","OAES_001","G4","grasslandHerbaceous",35.413681,-99.058896,"WGS84",,518.4,,"2015-05-21","MAM.OAES.2015.05","NEON.MAM.D11.0L1233","CHHI","Chaetodipus hispidus","species",," ","F","N","N",,,"adult",,"nonenlarged","not","neither",,,,,55.00,,,,,,,,,"K015xPfLfah4eO1uZLmE3FLLe6b3pcen","zqzI6VPGJkqKrnUdkEIpiHhaRLZfA7fK",,0,0,0,-1,0
"6656431AA9C04F078345A6E13741247F","D11","OAES","OAES_001","H5","grasslandHerbaceous",35.413591,-99.058786,"WGS84",,518.0,,"2015-05-21","MAM.OAES.2015.05","NEON.MAM.D11.0L1237","CHHI","Chaetodipus hispidus","species",," ","F","R","N",,,"adult",,"nonenlarged","not","swollen",,,,,42.00,,,,,,,,,"K015xPfLfah4eO1uZLmE3FLLe6b3pcen","zqzI6VPGJkqKrnUdkEIpiHhaRLZfA7fK",,0,0,0,-1,0
"26D64DB3CAB2427EBA98C6E563C38565","D11","OAES","OAES_001","H7","grasslandHerbaceous",35.413591,-99.058565,"WGS84",,518.5,,"2015-05-21","MAM.OAES.2015.05","NEON.MAM.D11.0L1239","PEMA","Peromyscus maniculatus","species",," ","M","R","N",,,"adult","scrotal",,,,19.0,15.0,57.0,115.0,17.00,,,,,,,,,"K015xPfLfah4eO1uZLmE3FLLe6b3pcen","zqzI6VPGJkqKrnUdkEIpiHhaRLZfA7fK",,0,0,0,-1,0
"3B17F5FD274840C89E1AEA913E345D65","D11","OAES","OAES_001","E1","grasslandHerbaceous",35.413861,-99.059226,"WGS84",,518.4,,"2015-05-21","MAM.OAES.2015.05","NEON.MAM.D11.0L1227","MIOC","Microtus ochrogaster","species","cf. species"," ","F","N","N",,,"subadult",,"nonenlarged","not","neither",15.0,11.0,21.0,91.0,19.00,,,,,,,,,"K015xPfLfah4eO1uZLmE3FLLe6b3pcen","zqzI6VPGJkqKrnUdkEIpiHhaRLZfA7fK","Six pads on both hind feet. Microtus ochrogaster and M. pinetorum are only supposed to have 5. However, Oklahoma is out of M. pennsylvanicus's range. Counted 6 mammae which would make it M. ochrogaster.",0,0,0,-1,0
"063BBAD7A7E3485FACBCA3CA43C0DFFF","D11","OAES","OAES_001","F4","grasslandHerbaceous",35.413771,-99.058896,"WGS84",,518.9,,"2015-05-21","MAM.OAES.2015.05","NEON.MAM.D11.0L1229","ONLE","Onychomys leucogaster","species",," ","M","R","N",,,"adult","scrotal",,,,,,,,34.00,,,,,,,,,"K015xPfLfah4eO1uZLmE3FLLe6b3pcen","zqzI6VPGJkqKrnUdkEIpiHhaRLZfA7fK",,0,0,0,-1,0
"A96EE8E14DA54359BDA26ED5633DB1B2","D11","OAES","OAES_001","F9","grasslandHerbaceous",35.413771,-99.058345,"WGS84",,520.2,,"2015-05-21","MAM.OAES.2015.05","NEON.MAM.D11.0L1230","ONLE","Onychomys leucogaster","species",," ","M","N","N",,,"adult","nonscrotal",,,,,,,,42.00,,,,,,,,,"K015xPfLfah4eO1uZLmE3FLLe6b3pcen","zqzI6VPGJkqKrnUdkEIpiHhaRLZfA7fK",,0,0,0,-1,0
"5AE1C0626EB447878D24944505037238","D11","OAES","OAES_001","C9","grasslandHerbaceous",35.414042,-99.058345,"WGS84",,521.4,,"2015-05-21","MAM.OAES.2015.05","NEON.MAM.D11.0L1217","ONLE","Onychomys leucogaster","species",," ","M","N","N",,,"adult","nonscrotal",,,,21.0,13.0,41.0,150.0,44.00,,,,,,,,,"K015xPfLfah4eO1uZLmE3FLLe6b3pcen","zqzI6VPGJkqKrnUdkEIpiHhaRLZfA7fK",,0,0,0,-1,0
"686EE17746B9429F89715DD4A354D971","D11","OAES","OAES_001","D5","grasslandHerbaceous",35.413952,-99.058786,"WGS84",,520.0,,"2015-05-21","MAM.OAES.2015.05","NEON.MAM.D11.0L1219","PEMA","Peromyscus maniculatus","species",," ","M","N","N",,,"adult","nonscrotal",,,,15.0,14.0,52.0,107.0,17.00,,,,,,,,,"K015xPfLfah4eO1uZLmE3FLLe6b3pcen","zqzI6VPGJkqKrnUdkEIpiHhaRLZfA7fK",,0,0,0,-1,0
"3D7FFE0EAB8048B9A447B75A0A0BFED4","D11","OAES","OAES_001","D4","grasslandHerbaceous",35.413952,-99.058896,"WGS84",,519.7,,"2015-05-21","MAM.OAES.2015.05","NEON.MAM.D11.0L1218","CHHI","Chaetodipus hispidus","species",," ","F","N","N",,,"adult",,"nonenlarged","not","neither",,,104.0,,50.00,,,,,,,,,"K015xPfLfah4eO1uZLmE3FLLe6b3pcen","zqzI6VPGJkqKrnUdkEIpiHhaRLZfA7fK",,0,0,0,-1,0
"A5759AA23A7E4927B3AF6BF266AAD9B3","D11","OAES","OAES_001","B9","grasslandHerbaceous",35.414132,-99.058345,"WGS84",,521.7,,"2015-05-21","MAM.OAES.2015.05","NEON.MAM.D11.0L1214","PEMA","Peromyscus maniculatus","species",," ","M","N","N",,,"adult","nonscrotal",,,,20.0,13.0,64.0,154.0,20.00,,,,,,,,,"K015xPfLfah4eO1uZLmE3FLLe6b3pcen","zqzI6VPGJkqKrnUdkEIpiHhaRLZfA7fK",,0,0,0,-1,0
"3DC3C295A8CF467592D94D9C2794564D","D11","OAES","OAES_002","H10","grasslandHerbaceous",35.418841,-99.050299,"WGS84",,519.3,,"2015-05-21","MAM.OAES.2015.05","NEON.MAM.D11.0L1252","PEFL","Perognathus flavus","species",," ","F","N","N",,,"adult",,"nonenlarged","not","neither",15.0,4.0,48.0,107.0,8.00,,,,,,,,,"K015xPfLfah4eO1uZLmE3FLLe6b3pcen","zqzI6VPGJkqKrnUdkEIpiHhaRLZfA7fK",,0,0,0,-1,0
"A1796DA524BD457A89E10A07EE5F1E30","D11","OAES","OAES_010","A1","grasslandHerbaceous",35.398453,-99.060102,"WGS84",,501.6,,"2015-05-21","MAM.OAES.2015.05","NEON.MAM.D11.0L1075","PEMA","Peromyscus maniculatus","species",," ","M","N","N",,,"adult","nonscrotal",,,,18.0,12.0,55.0,131.0,16.00,"OAES.20150521.L1075.B","mandibular",,,,,,,"E0QNXD+K2b5q2XkN9RjHNBArNVWYmvwc","n/e5H9DzKQmiwvmUmG2RGqatOQzXK2Fo1rbM7EummvE=",,0,0,0,-1,0
"114556B6A2654003A011432D09633460","D11","OAES","OAES_010","C5","grasslandHerbaceous",35.398273,-99.059661,"WGS84",,503.0,,"2015-05-21","MAM.OAES.2015.05","NEON.MAM.D11.0L1076","CHHI","Chaetodipus hispidus","species",," ","M","R","N",,,"adult","scrotal",,,,,,,,,,,,,,,,,"E0QNXD+K2b5q2XkN9RjHNBArNVWYmvwc","n/e5H9DzKQmiwvmUmG2RGqatOQzXK2Fo1rbM7EummvE=","Released early due to tail injury while handling.",0,0,0,-1,0
"8A580AFD66164418B59D238E7AE34184","D11","OAES","OAES_002","A6","grasslandHerbaceous",35.419472,-99.050740,"WGS84",,517.6,,"2015-05-21","MAM.OAES.2015.05","NEON.MAM.D11.0L1240","CHHI","Chaetodipus hispidus","species",," ","F","N","N",,,"adult",,"nonenlarged","not","neither",,,,,34.00,,,,,,,,,"K015xPfLfah4eO1uZLmE3FLLe6b3pcen","zqzI6VPGJkqKrnUdkEIpiHhaRLZfA7fK",,0,0,0,-1,0
"2AC252B4764B4115A96824D16D1CBE5D","D11","OAES","OAES_002","F7","grasslandHerbaceous",35.419021,-99.050630,"WGS84",,520.5,,"2015-05-21","MAM.OAES.2015.05","NEON.MAM.D11.0L1244","PEMA","Peromyscus maniculatus","species",," ","M","N","N",,,"adult","nonscrotal",,,,18.0,14.0,62.0,142.0,16.00,"OAES.20150521.L1244.B","mandibular",,,,,,,"K015xPfLfah4eO1uZLmE3FLLe6b3pcen","zqzI6VPGJkqKrnUdkEIpiHhaRLZfA7fK",,0,0,0,-1,0
"7B5A6122766F4EE495562671165F6DD2","D11","OAES","OAES_002","D5","grasslandHerbaceous",35.419201,-99.050850,"WGS84",,520.5,,"2015-05-21","MAM.OAES.2015.05","NEON.MAM.D11.0L1242","PELE","Peromyscus leucopus","species","cf. species"," ","F","N","N",,,"juvenile",,"nonenlarged","not","neither",18.0,13.0,58.0,124.0,11.00,"OAES.20150521.L1242.B","mandibular",,,,,,,"K015xPfLfah4eO1uZLmE3FLLe6b3pcen","zqzI6VPGJkqKrnUdkEIpiHhaRLZfA7fK","Tail not as distinctly bicolored. Measurements inconclusive.",0,0,0,-1,0
"23F935F41D6E40A18578ECAA9D83C08D","D11","OAES","OAES_010","E2","grasslandHerbaceous",35.398093,-99.059991,"WGS84",,501.6,,"2015-05-21","MAM.OAES.2015.05","NEON.MAM.D11.0R1078","PEMA","Peromyscus maniculatus","species",," ","M","N","N",,,"adult","nonscrotal",,,,17.0,10.0,59.0,119.0,14.00,"OAES.20150521.R1078.B","mandibular",,,,,,,"E0QNXD+K2b5q2XkN9RjHNBArNVWYmvwc","n/e5H9DzKQmiwvmUmG2RGqatOQzXK2Fo1rbM7EummvE=",,0,0,0,-1,0
"1CCB4A5B7FEC4548AEE1160355344315","D11","OAES","OAES_010","G7","grasslandHerbaceous",35.397913,-99.059440,"WGS84",,504.2,,"2015-05-21","MAM.OAES.2015.05","NEON.MAM.D11.0L1081","PEMA","Peromyscus maniculatus","species",," ","M","R","N",,,"adult","scrotal",,,,17.0,13.0,55.0,129.0,18.00,"OAES.20150521.L1081.B","mandibular",,,,,,,"E0QNXD+K2b5q2XkN9RjHNBArNVWYmvwc","n/e5H9DzKQmiwvmUmG2RGqatOQzXK2Fo1rbM7EummvE=",,0,0,0,-1,0
"9C76D6A1A3CE4848BA4FF0FCA2EBE8B4","D11","OAES","OAES_002","H2","grasslandHerbaceous",35.418840,-99.051181,"WGS84",,522.9,,"2015-05-21","MAM.OAES.2015.05","NEON.MAM.D11.0L1251","ONLE","Onychomys leucogaster","species",," ","M","R","N",,,"adult","scrotal",,,,,,,,39.00,"OAES.20150521.L1251.B","mandibular",,,,,,,"K015xPfLfah4eO1uZLmE3FLLe6b3pcen","zqzI6VPGJkqKrnUdkEIpiHhaRLZfA7fK",,0,0,0,-1,0
"4B9A06D0D4D440CF8550EC98B5BA2DB7","D11","OAES","OAES_010","F3","grasslandHerbaceous",35.398003,-99.059881,"WGS84",,502.2,,"2015-05-21","MAM.OAES.2015.05","NEON.MAM.D11.0L1080","PEMA","Peromyscus maniculatus","species",," ","M","N","N",,,"adult","nonscrotal",,,,18.0,14.0,52.0,123.0,17.00,"OAES.20150521.L1080.B","mandibular",,,,,,,"E0QNXD+K2b5q2XkN9RjHNBArNVWYmvwc","n/e5H9DzKQmiwvmUmG2RGqatOQzXK2Fo1rbM7EummvE=",,0,0,0,-1,0
"2D531A31F33C4BCE93F9935759A61AD2","D11","OAES","OAES_002","G2","grasslandHerbaceous",35.418930,-99.051181,"WGS84",,522.8,,"2015-05-21","MAM.OAES.2015.05","NEON.MAM.D11.0L1247","ONLE","Onychomys leucogaster","species",," ","M","R","N",,,"adult","scrotal",,,,,,,,45.00,"OAES.20150521.L1247.B","mandibular",,,,,,,"K015xPfLfah4eO1uZLmE3FLLe6b3pcen","zqzI6VPGJkqKrnUdkEIpiHhaRLZfA7fK",,0,0,0,-1,0
"0E46F50DB4174D2EA5F0BE3A6644A365","D11","OAES","OAES_002","G7","grasslandHerbaceous",35.418931,-99.050630,"WGS84",,520.8,,"2015-05-21","MAM.OAES.2015.05","NEON.MAM.D11.0L1249","PEMA","Peromyscus maniculatus","species",," ","M","N","N",,,"adult","nonscrotal",,,,18.0,14.0,58.0,113.0,19.00,"OAES.20150521.L1249.B","mandibular",,,,,,,"K015xPfLfah4eO1uZLmE3FLLe6b3pcen","zqzI6VPGJkqKrnUdkEIpiHhaRLZfA7fK",,0,0,0,-1,0
"3E540A0EDF6A478B93064B6FAF985332","D11","OAES","OAES_030","B8","shrubScrub",35.409021,-99.070975,"WGS84",,510.9,,"2015-05-21","MAM.OAES.2015.05","NEON.MAM.D11.0L1084","CHHI","Chaetodipus hispidus","species",," ","F","R","N",,,"adult",,"enlarged","not","neither",26.0,12.0,99.0,209.0,56.00,,,,,,,,,"E0QNXD+K2b5q2XkN9RjHNBArNVWYmvwc","n/e5H9DzKQmiwvmUmG2RGqatOQzXK2Fo1rbM7EummvE=",,0,0,0,-1,0
"581F565343F940D1958DA3513ACE82D6","D11","OAES","OAES_029","E3","shrubScrub",35.416811,-99.051028,"WGS84",,520.1,,"2015-05-21","MAM.OAES.2015.05","NEON.MAM.D11.0L1260","PEMA","Peromyscus maniculatus","species","cf. species"," ","M","N","N",,,"juvenile","nonscrotal",,,,18.0,12.0,52.0,127.0,13.00,,,,,,,,,"K015xPfLfah4eO1uZLmE3FLLe6b3pcen","zqzI6VPGJkqKrnUdkEIpiHhaRLZfA7fK","Measurements fit PEMA more closely however tail was not as distinctly bicolored as others.",0,0,0,-1,0
"0DEDF05928B344D5812801B27B6F678C","D11","OAES","OAES_029","H8","shrubScrub",35.416541,-99.050477,"WGS84",,516.7,,"2015-05-21","MAM.OAES.2015.05","NEON.MAM.D11.0L1266","ONLE","Onychomys leucogaster","species",," ","M","R","N",,,"adult","scrotal",,,,,,,,40.00,,,,,,,,,"K015xPfLfah4eO1uZLmE3FLLe6b3pcen","zqzI6VPGJkqKrnUdkEIpiHhaRLZfA7fK",,0,0,0,-1,0
"3CA46D55CE814A519481A8E5D73CD7C8","D11","OAES","OAES_029","G9","shrubScrub",35.416631,-99.050367,"WGS84",,516.0,,"2015-05-21","MAM.OAES.2015.05","NEON.MAM.D11.0L1265","ONLE","Onychomys leucogaster","species",," ","F","N","N",,,"juvenile",,"nonenlarged","not","neither",,,,,25.00,,,,,,,,,"K015xPfLfah4eO1uZLmE3FLLe6b3pcen","zqzI6VPGJkqKrnUdkEIpiHhaRLZfA7fK",,0,0,0,-1,0
"E6314C87FC8F4D90AAA253345843EBE6","D11","OAES","OAES_030","F5","shrubScrub",35.408660,-99.071305,"WGS84",,509.7,,"2015-05-21","MAM.OAES.2015.05","NEON.MAM.D11.0L1086","CHHI","Chaetodipus hispidus","species",," ","F","R","N","escaped",,"adult",,"nonenlarged","not","plugged",9.0,,,,,,,,,,,,,"E0QNXD+K2b5q2XkN9RjHNBArNVWYmvwc","n/e5H9DzKQmiwvmUmG2RGqatOQzXK2Fo1rbM7EummvE=",,0,0,0,-1,0
"E3450AC202DF4760A51359E76C14BE50","D11","OAES","OAES_030","A1","shrubScrub",35.409111,-99.071746,"WGS84",,508.1,,"2015-05-21","MAM.OAES.2015.05","NEON.MAM.D11.0L1083","ONLE","Onychomys leucogaster","species",," ","F","R","N",,,"adult",,"enlarged","not","neither",22.0,14.0,43.0,141.0,41.00,,,,,,,,,"E0QNXD+K2b5q2XkN9RjHNBArNVWYmvwc","n/e5H9DzKQmiwvmUmG2RGqatOQzXK2Fo1rbM7EummvE=",,0,0,0,-1,0
"6946AFBCB46B43EA9943F3910BC40477","D11","OAES","OAES_029","A4","shrubScrub",35.417172,-99.050918,"WGS84",,519.8,,"2015-05-21","MAM.OAES.2015.05","NEON.MAM.D11.0L1253","ONLE","Onychomys leucogaster","species",," ","F","N","N",,,"juvenile",,"nonenlarged","not","neither",,,,,20.00,"OAES.20150521.L1253.B","mandibular",,,,,,,"K015xPfLfah4eO1uZLmE3FLLe6b3pcen","zqzI6VPGJkqKrnUdkEIpiHhaRLZfA7fK",,0,0,0,-1,0
"5FEF93C523034D019EB38C4A39D99C20","D11","OAES","OAES_029","D10","shrubScrub",35.416902,-99.050257,"WGS84",,516.7,,"2015-05-22","MAM.OAES.2015.05","NEON.MAM.D11.0L1279","ONLE","Onychomys leucogaster","species",," ","M","R","N",,,"adult","scrotal",,,,,,,,41.00,"OAES.20150522.L1279.B","mandibular",,,,,,,"K015xPfLfah4eO1uZLmE3FLLe6b3pcen","+iQvVZ4QDC/6AZ19AJv4/Z5pPlRFlUUb",,0,0,0,-1,0
"B9035EC7F7C74C8FA08CB995C03B1F8C","D11","OAES","OAES_002","G10","grasslandHerbaceous",35.418931,-99.050299,"WGS84",,519.0,,"2015-05-22","MAM.OAES.2015.05","NEON.MAM.D11.0L1245","CHHI","Chaetodipus hispidus","species",," ","M","R","Y",,,"adult","scrotal",,,,,,,,48.00,,,,,,,,,"K015xPfLfah4eO1uZLmE3FLLe6b3pcen","+iQvVZ4QDC/6AZ19AJv4/Z5pPlRFlUUb",,0,0,0,-1,0
"425382EF4A09427898156B96A9E9AE18","D11","OAES","OAES_002","C10","grasslandHerbaceous",35.419292,-99.050300,"WGS84",,517.4,,"2015-05-22","MAM.OAES.2015.05","NEON.MAM.D11.0L1274","PEMA","Peromyscus maniculatus","species",," ","M","N","N",,,"adult","nonscrotal",,,,19.0,14.0,59.0,137.0,17.00,,"unsuccessful",,,,,,,"K015xPfLfah4eO1uZLmE3FLLe6b3pcen","+iQvVZ4QDC/6AZ19AJv4/Z5pPlRFlUUb",,0,0,0,-1,0
"E2BFA305D47A4256AAA7BB881DFD7DE1","D11","OAES","OAES_002","H1","grasslandHerbaceous",35.418840,-99.051291,"WGS84",,523.2,,"2015-05-22","MAM.OAES.2015.05","NEON.MAM.D11.0L1250","ONLE","Onychomys leucogaster","species",," ","M","R","Y",,,"adult","scrotal",,,,,,,,42.00,,,,,,,,,"K015xPfLfah4eO1uZLmE3FLLe6b3pcen","+iQvVZ4QDC/6AZ19AJv4/Z5pPlRFlUUb",,0,0,0,-1,0
"B158325442344CA0BF2734A10D00991C","D11","OAES","OAES_002","I5","grasslandHerbaceous",35.418750,-99.050850,"WGS84",,522.0,,"2015-05-22","MAM.OAES.2015.05","NEON.MAM.D11.0L1244","PEMA","Peromyscus maniculatus","species",," ","M","N","Y",,,"adult","nonscrotal",,,,,,,,18.00,,,,,,,,,"K015xPfLfah4eO1uZLmE3FLLe6b3pcen","+iQvVZ4QDC/6AZ19AJv4/Z5pPlRFlUUb",,0,0,0,-1,0
"3B0345C7BA274C0F8392290C9AB079E0","D11","OAES","OAES_002","J1","grasslandHerbaceous",35.418660,-99.051291,"WGS84",,523.3,,"2015-05-22","MAM.OAES.2015.05","NEON.MAM.D11.0L1275","PEMA","Peromyscus maniculatus","species",," ","M","N","N",,,"adult","nonscrotal",,,,19.0,13.0,57.0,133.0,17.00,"OAES.20150522.L1275.B","mandibular",,,,,,,"K015xPfLfah4eO1uZLmE3FLLe6b3pcen","+iQvVZ4QDC/6AZ19AJv4/Z5pPlRFlUUb",,0,0,0,-1,0
"023095C7F2554C768FCE88F24E341E2A","D11","OAES","OAES_002","J7","grasslandHerbaceous",35.418660,-99.050630,"WGS84",,521.4,,"2015-05-22","MAM.OAES.2015.05","NEON.MAM.D11.0L1276","ONLE","Onychomys leucogaster","species",," ","F","R","N",,,,,"enlarged","not","neither",,,,,37.00,,"unsuccessful",,,,,,,"K015xPfLfah4eO1uZLmE3FLLe6b3pcen","+iQvVZ4QDC/6AZ19AJv4/Z5pPlRFlUUb",,0,0,0,-1,0
"E88DCDC6A0834F1F963716A3D7813C4E","D11","OAES","OAES_029","J9","shrubScrub",35.416361,-99.050367,"WGS84",,516.1,,"2015-05-22","MAM.OAES.2015.05","NEON.MAM.D11.0L1261","PEMA","Peromyscus maniculatus","species","cf. species"," ","F","N","Y",,,"juvenile",,"nonenlarged","not","neither",,,,,14.00,"OAES.20150522.L1261.B","mandibular",,,,,,,"K015xPfLfah4eO1uZLmE3FLLe6b3pcen","+iQvVZ4QDC/6AZ19AJv4/Z5pPlRFlUUb",,0,0,0,-1,0
"CE52CFA45060464BA353447685196EF1","D11","OAES","OAES_029","J1","shrubScrub",35.416360,-99.051248,"WGS84",,520.4,,"2015-05-22","MAM.OAES.2015.05","NEON.MAM.D11.0L1282","ONLE","Onychomys leucogaster","species",," ","M","R","N",,,"adult","scrotal",,,,,,,,43.00,"OAES.20150522.L1282.B","mandibular",,,,,,,"K015xPfLfah4eO1uZLmE3FLLe6b3pcen","+iQvVZ4QDC/6AZ19AJv4/Z5pPlRFlUUb",,0,0,0,-1,0
"C00647908A994339A8966C4C67E81610","D11","OAES","OAES_002","C5","grasslandHerbaceous",35.419291,-99.050850,"WGS84",,519.7,,"2015-05-22","MAM.OAES.2015.05","NEON.MAM.D11.0L1240","CHHI","Chaetodipus hispidus","species",," ","F","N","Y",,,"adult",,"nonenlarged","not","neither",,,,,31.00,,,,,,,,,"K015xPfLfah4eO1uZLmE3FLLe6b3pcen","+iQvVZ4QDC/6AZ19AJv4/Z5pPlRFlUUb",,0,0,0,-1,0
"88DDF238C77A4145BBF9E59061C2F9F8","D11","OAES","OAES_029","E9","shrubScrub",35.416811,-99.050367,"WGS84",,516.6,,"2015-05-22","MAM.OAES.2015.05","NEON.MAM.D11.0L1255","ONLE","Onychomys leucogaster","species",," ","M","R","Y",,,"adult","scrotal",,,,,,,,38.00,,,,,,,,,"K015xPfLfah4eO1uZLmE3FLLe6b3pcen","+iQvVZ4QDC/6AZ19AJv4/Z5pPlRFlUUb",,0,0,0,-1,0
"1715330EBC31415CA8436429FBE630EB","D11","OAES","OAES_029","E5","shrubScrub",35.416811,-99.050808,"WGS84",0.1,517.3,0.1,"2015-05-22","MAM.OAES.2015.05","NEON.MAM.D11.0L1280","PEMA","Peromyscus maniculatus","species",," ","M","N","N",,,"adult","nonscrotal",,,,18.0,13.0,60.0,120.0,21.00,"OAES.20150522.L1280.B","mandibular",,,,,,,"K015xPfLfah4eO1uZLmE3FLLe6b3pcen","+iQvVZ4QDC/6AZ19AJv4/Z5pPlRFlUUb",,0,0,0,-1,0
"E9B46D0077074030A2E503E69FE0C667","D11","OAES","OAES_029","F2","shrubScrub",35.416721,-99.051138,"WGS84",,520.6,,"2015-05-22","MAM.OAES.2015.05","NEON.MAM.D11.0L1260","PEMA","Peromyscus maniculatus","species","cf. species"," ","M","N","Y",,,"juvenile","nonscrotal",,,,,,,,15.00,"OAES.20150522.L1260.B","mandibular",,,,,,,"K015xPfLfah4eO1uZLmE3FLLe6b3pcen","+iQvVZ4QDC/6AZ19AJv4/Z5pPlRFlUUb",,0,0,0,-1,0
"17BD7E558557430FA41DC874027B9703","D11","OAES","OAES_029","F7","shrubScrub",35.416721,-99.050587,"WGS84",,517.5,,"2015-05-22","MAM.OAES.2015.05","NEON.MAM.D11.0L1281","REMO","Reithrodontomys montanus","species",," ","F","N","N",,,"adult",,"nonenlarged","not","neither",13.0,11.0,50.0,101.0,5.00,,,,,,,,,"K015xPfLfah4eO1uZLmE3FLLe6b3pcen","+iQvVZ4QDC/6AZ19AJv4/Z5pPlRFlUUb",,0,0,0,-1,0
"92698F48C1AC41A48EB867FABBC1BEE6","D11","OAES","OAES_029","G1","shrubScrub",35.416631,-99.051248,"WGS84",,521.1,,"2015-05-22","MAM.OAES.2015.05","NEON.MAM.D11.0L1283","ONLE","Onychomys leucogaster","species",," ","F","R","N",,,"adult",,"enlarged","not","neither",,,,,39.00,,,,,,,,,"K015xPfLfah4eO1uZLmE3FLLe6b3pcen","+iQvVZ4QDC/6AZ19AJv4/Z5pPlRFlUUb","Too stressed to attempt bleed.",0,0,0,-1,0
"CB10A7FFA43D419781543EE3A674221D","D11","OAES","OAES_002","G1","grasslandHerbaceous",35.418930,-99.051291,"WGS84",,523.1,,"2015-05-22","MAM.OAES.2015.05","NEON.MAM.D11.0L1270","PEMA","Peromyscus maniculatus","species",," ","F","R","N",,,"adult",,"enlarged","not","neither",18.0,15.0,63.0,146.0,17.00,"OAES.20150522.L1270.B","mandibular",,,,,,,"K015xPfLfah4eO1uZLmE3FLLe6b3pcen","+iQvVZ4QDC/6AZ19AJv4/Z5pPlRFlUUb",,0,0,0,-1,0
"1879C99911454EA8A119D4BE384BC26C","D11","OAES","OAES_002","G5","grasslandHerbaceous",35.418931,-99.050850,"WGS84",,521.6,,"2015-05-22","MAM.OAES.2015.05","NEON.MAM.D11.0L1251","ONLE","Onychomys leucogaster","species",," ","M","R","Y",,,"adult","scrotal",,,,,,,,41.00,,,,,,,,,"K015xPfLfah4eO1uZLmE3FLLe6b3pcen","+iQvVZ4QDC/6AZ19AJv4/Z5pPlRFlUUb",,0,0,0,-1,0
"5540A414D8B04B60A6E344A471BCDB8E","D11","OAES","OAES_029","A1","shrubScrub",35.417172,-99.051249,"WGS84",,521.3,,"2015-05-22","MAM.OAES.2015.05","NEON.MAM.D11.0L1259","ONLE","Onychomys leucogaster","species",," ","F","N","Y",,,"adult",,"nonenlarged","not","neither",,,,,34.00,"OAES.20150522.L1259.B","mandibular",,,,,,,"K015xPfLfah4eO1uZLmE3FLLe6b3pcen","+iQvVZ4QDC/6AZ19AJv4/Z5pPlRFlUUb",,0,0,0,-1,0
"2CD6FE09BE0D450BA0BFEDF6966FB851","D11","OAES","OAES_002","E7","grasslandHerbaceous",35.419111,-99.050630,"WGS84",,520.1,,"2015-05-22","MAM.OAES.2015.05","NEON.MAM.D11.0L1269","ONLE","Onychomys leucogaster","species",," ","M","N","N",,,"juvenile","nonscrotal",,,,,,,,23.00,"OAES.20150522.L1269.B","mandibular",,,,,,,"K015xPfLfah4eO1uZLmE3FLLe6b3pcen","+iQvVZ4QDC/6AZ19AJv4/Z5pPlRFlUUb",,0,0,0,-1,0
"ED2BFFD8732046BE878E03E80C0E425A","D11","OAES","OAES_002","A10","grasslandHerbaceous",35.419472,-99.050300,"WGS84",,516.0,,"2015-05-22","MAM.OAES.2015.05","NEON.MAM.D11.0L1272","ONLE","Onychomys leucogaster","species",," ","M","R","N",,,"adult","scrotal",,,,,,,,40.00,"OAES.20150522.L1272.B","mandibular",,,,,,,"K015xPfLfah4eO1uZLmE3FLLe6b3pcen","+iQvVZ4QDC/6AZ19AJv4/Z5pPlRFlUUb",,0,0,0,-1,0
"3F310E18EF674E2B8186DB54B5716CD7","D11","OAES","OAES_002","I3","grasslandHerbaceous",35.418750,-99.051070,"WGS84",,522.7,,"2015-05-22","MAM.OAES.2015.05","NEON.MAM.D11.0L1271","PEMA","Peromyscus maniculatus","species",," ","M","N","N",,,"adult","nonscrotal",,,,18.0,13.0,58.0,136.0,17.00,"OAES.20150522.L1271.B","mandibular",,,,,,,"K015xPfLfah4eO1uZLmE3FLLe6b3pcen","+iQvVZ4QDC/6AZ19AJv4/Z5pPlRFlUUb",,0,0,0,-1,0
"35F84756482E4412A2791CFBE0D2404E","D11","OAES","OAES_002","J8","grasslandHerbaceous",35.418660,-99.050520,"WGS84",,520.9,,"2015-05-22","MAM.OAES.2015.05","NEON.MAM.D11.0L1277","ONLE","Onychomys leucogaster","species",," ","M","R","N",,,"adult","scrotal",,,,,,,,41.00,"OAES.20150522.L1277.B","mandibular",,,,,,,"K015xPfLfah4eO1uZLmE3FLLe6b3pcen","+iQvVZ4QDC/6AZ19AJv4/Z5pPlRFlUUb",,0,0,0,-1,0
"731E8117F87842E99F2B98E39FC05D8F","D11","OAES","OAES_002","J6","grasslandHerbaceous",35.418660,-99.050740,"WGS84",,521.7,,"2015-05-22","MAM.OAES.2015.05","NEON.MAM.D11.0L1247","ONLE","Onychomys leucogaster","species",," ","M","R","Y",,,"adult","scrotal",,,,,,,,48.00,,,,,,,,,"K015xPfLfah4eO1uZLmE3FLLe6b3pcen","+iQvVZ4QDC/6AZ19AJv4/Z5pPlRFlUUb",,0,0,0,-1,0
"6D5DD457370E4646824EE8A0EE6CAAD7","D11","OAES","OAES_029","J7","shrubScrub",35.416360,-99.050587,"WGS84",,517.7,,"2015-05-22","MAM.OAES.2015.05","NEON.MAM.D11.0L1266","ONLE","Onychomys leucogaster","species",," ","M","R","Y",,,"adult","scrotal",,,,,,,,36.00,"OAES.20150522.L1266.B","mandibular",,,,,,,"K015xPfLfah4eO1uZLmE3FLLe6b3pcen","+iQvVZ4QDC/6AZ19AJv4/Z5pPlRFlUUb",,0,0,0,-1,0
"9551C1689D594B9CA27146C6CDBE158C","D11","OAES","OAES_029","J2","shrubScrub",35.416360,-99.051138,"WGS84",,520.1,,"2015-05-22","MAM.OAES.2015.05","NEON.MAM.D11.0L1263","ONLE","Onychomys leucogaster","species",," ","M","N","Y",,,"adult","nonscrotal",,,,,,,,41.00,"OAES.20150522.L1263.B","mandibular",,,,,,,"K015xPfLfah4eO1uZLmE3FLLe6b3pcen","+iQvVZ4QDC/6AZ19AJv4/Z5pPlRFlUUb",,0,0,0,-1,0
"C734C35302184DC4AC4D9D214C6DE8EF","D11","OAES","OAES_029","D1","shrubScrub",35.416901,-99.051248,"WGS84",,521.4,,"2015-05-22","MAM.OAES.2015.05","NEON.MAM.D11.0L1278","PEMA","Peromyscus maniculatus","species","cf. species"," ","F","N","N",,,"subadult",,"nonenlarged","not","neither",18.0,14.0,59.0,132.0,15.00,"OAES.20150522.L1278.B","mandibular",,,,,,,"K015xPfLfah4eO1uZLmE3FLLe6b3pcen","+iQvVZ4QDC/6AZ19AJv4/Z5pPlRFlUUb","Tail not as distinctly bicolored as others. Measurements inconclusive but closer to PEMA.",0,0,0,-1,0
"B67A9ED50B9E405A885285877DF49A0E","D11","OAES","OAES_002","B1","grasslandHerbaceous",35.419381,-99.051291,"WGS84",,521.7,,"2015-05-22","MAM.OAES.2015.05","NEON.MAM.D11.0L1273","PEMA","Peromyscus maniculatus","species",," ","M","N","N",,,"adult","nonscrotal",,,,16.0,14.0,58.0,136.0,18.00,"OAES.20150522.L1273.B","mandibular",,,,,,,"K015xPfLfah4eO1uZLmE3FLLe6b3pcen","+iQvVZ4QDC/6AZ19AJv4/Z5pPlRFlUUb",,0,0,0,-1,0
"E6BA880D07034198AEFE419DFC5248E2","D11","OAES","OAES_002","A5","grasslandHerbaceous",35.419472,-99.050850,"WGS84",,518.2,,"2015-05-22","MAM.OAES.2015.05","NEON.MAM.D11.0L1243","ONLE","Onychomys leucogaster","species",," ","F","R","Y",,,"adult",,"enlarged","pregnant","neither",,,,,45.00,,,,,,,,,"K015xPfLfah4eO1uZLmE3FLLe6b3pcen","+iQvVZ4QDC/6AZ19AJv4/Z5pPlRFlUUb",,0,0,0,-1,0
"717A554A64684A83883736C3E2E47A68","D11","OAES","OAES_029","F4","shrubScrub",35.416721,-99.050918,"WGS84",,519.4,,"2015-05-22","MAM.OAES.2015.05","NEON.MAM.D11.0L1256","ONLE","Onychomys leucogaster","species",," ","M","N","Y",,,"adult","nonscrotal",,,,,,,,39.00,,,,,,,,,"K015xPfLfah4eO1uZLmE3FLLe6b3pcen","+iQvVZ4QDC/6AZ19AJv4/Z5pPlRFlUUb","Sickly looking. Did not attempt to bleed.",0,0,0,-1,0
"E2D4E49AFE0C4E94AD708066F9201605","D11","OAES","OAES_029","F6","shrubScrub",35.416721,-99.050698,"WGS84",,518.1,,"2015-05-22","MAM.OAES.2015.05","NEON.MAM.D11.0L1265","ONLE","Onychomys leucogaster","species",," ","F","N","Y",,,"juvenile",,"nonenlarged","not","neither",,,,,26.00,"OAES.20150522.L1265.B","mandibular",,,,,,,"K015xPfLfah4eO1uZLmE3FLLe6b3pcen","+iQvVZ4QDC/6AZ19AJv4/Z5pPlRFlUUb",,0,0,0,-1,0
"8C940D22D5444548B7AD8A89FB254B1B","D11","OAES","OAES_029","G5","shrubScrub",35.416631,-99.050808,"WGS84",,518.7,,"2015-05-22","MAM.OAES.2015.05","NEON.MAM.D11.0L1264","CHHI","Chaetodipus hispidus","species",," ","M","R","Y",,,"adult","scrotal",,,,,,,,44.00,,,,,,,,,"K015xPfLfah4eO1uZLmE3FLLe6b3pcen","+iQvVZ4QDC/6AZ19AJv4/Z5pPlRFlUUb",,0,0,0,-1,0
"54AA71AEAFF64841A4806604A545AD6E","D11","OAES","OAES_002","G7","grasslandHerbaceous",35.418931,-99.050630,"WGS84",,520.8,,"2015-05-22","MAM.OAES.2015.05","NEON.MAM.D11.0L1249","PEMA","Peromyscus maniculatus","species",," ","M","N","Y",,,"adult","nonscrotal",,,,,,,,18.00,,,,,,,,,"K015xPfLfah4eO1uZLmE3FLLe6b3pcen","+iQvVZ4QDC/6AZ19AJv4/Z5pPlRFlUUb",,0,0,0,-1,0
"943B42424EC043E798DBEEEA60E795D2","D11","OAES","OAES_002","E6","grasslandHerbaceous",35.419111,-99.050740,"WGS84",,520.6,,"2015-05-22","MAM.OAES.2015.05","NEON.MAM.D11.0L1268","ONLE","Onychomys leucogaster","species",," ","F","N","N",,,"juvenile",,"nonenlarged","not","neither",,,,,25.00,"OAES.20150522.L1268.B","mandibular",,,,,,,"K015xPfLfah4eO1uZLmE3FLLe6b3pcen","+iQvVZ4QDC/6AZ19AJv4/Z5pPlRFlUUb",,0,0,0,-1,0
"392985FBADD04766A3EAF00B54D109CB","D11","OAES","OAES_002","D10","grasslandHerbaceous",35.419201,-99.050300,"WGS84",,517.9,,"2015-05-22","MAM.OAES.2015.05","NEON.MAM.D11.0L1267","PEMA","Peromyscus maniculatus","species",," ","F","R","N",,,"adult",,"enlarged","not","swollen",18.0,14.0,58.0,139.0,19.00,"OAES.20150522.L1267.B","mandibular",,,,,,,"K015xPfLfah4eO1uZLmE3FLLe6b3pcen","+iQvVZ4QDC/6AZ19AJv4/Z5pPlRFlUUb",,0,0,0,-1,0
