"uid","domainID","siteID","plotID","date","night","eventID","setTraps","disturbedTraps","samplingEffort","samplingProtocol","identificationReferences","remarks","duplicateNightQF","missingRecordsPerBoutQF"
"122EF222CDFE41D9A0925E1D9E9E1E28","D15","ONAQ","ONAQ_014","2014-05-28",1,"MAM.ONAQ.2014.06",100,0,100,"NEON.DOC.000481","Reid, F. 2006. ",,0,0
"5D0E1489C7C74652B49B741A3FDAF963","D15","ONAQ","ONAQ_021","2014-05-28",1,"MAM.ONAQ.2014.06",99,1,98,"NEON.DOC.000481","Reid, F. 2006. ",,0,1
"8EBB088853674914AB2F94F54F429C9F","D15","ONAQ","ONAQ_008","2014-05-28",1,"MAM.ONAQ.2014.06",2,0,2,"NEON.DOC.000481","Reid, F. 2006. ",,0,1
"1CFA6B9F42BD428E8A0DAFBE96D64607","D15","ONAQ","ONAQ_003","2014-05-28",1,"MAM.ONAQ.2014.06",100,1,99,"NEON.DOC.000481","Reid, F. 2006. ",,0,0
"679E3385F5DB462C905CFF3D8F7B4070","D15","ONAQ","ONAQ_014","2014-05-29",2,"MAM.ONAQ.2014.06",100,0,100,"NEON.DOC.000481","Reid, F. 2006. ",,0,0
"49B65631D0E7415691BFA2CCB500B399","D15","ONAQ","ONAQ_003","2014-05-29",2,"MAM.ONAQ.2014.06",100,0,100,"NEON.DOC.000481","Reid, F. 2006. ",,0,0
"AA8EBF8EABAF465DB8FF354D26E56FC9","D15","ONAQ","ONAQ_008","2014-05-29",2,"MAM.ONAQ.2014.06",100,1,99,"NEON.DOC.000481","Reid, F. 2006. ",,0,1
"25971D5FC7874DA09AD31ED39E696C3E","D15","ONAQ","ONAQ_021","2014-05-29",2,"MAM.ONAQ.2014.06",100,0,100,"NEON.DOC.000481","Reid, F. 2006. ",,0,1
"8C71987FD729446284B84102A07B7CA6","D15","ONAQ","ONAQ_003","2014-05-30",3,"MAM.ONAQ.2014.06",100,0,100,"NEON.DOC.000481","Reid, F. 2006. ",,0,0
"1CA60A733F264C808E95EF89AB5AAAD3","D15","ONAQ","ONAQ_014","2014-05-30",3,"MAM.ONAQ.2014.06",100,0,100,"NEON.DOC.000481","Reid, F. 2006. ",,0,0
"67E92B242350479D9D08DEC61CB9FB79","D15","ONAQ","ONAQ_004","2014-05-31",1,"MAM.ONAQ.2014.06",94,0,94,"NEON.DOC.000481"," Reid, F. 2006.",,0,0
"EADBA6592F1E4788A92EB556D06D6AA9","D15","ONAQ","ONAQ_017","2014-05-31",1,"MAM.ONAQ.2014.06",100,0,100,"NEON.DOC.000481"," Reid, F. 2006.",,0,1
"0ACE423C0DEC4E65BD471CADD89FDFDD","D15","ONAQ","ONAQ_005","2014-05-31",1,"MAM.ONAQ.2014.06",9,0,9,"NEON.DOC.000481","Reid, F. 2006. ",,0,0
"58CED1D9BDD74A048ABF16A676146189","D15","ONAQ","ONAQ_015","2014-06-01",1,"MAM.ONAQ.2014.06",100,0,100,"NEON.DOC.000481","Peterson Field ",,0,1
"98433205564741228129CF376F005ED9","D15","ONAQ","ONAQ_005","2014-06-01",2,"MAM.ONAQ.2014.06",100,0,100,"NEON.DOC.000481","Reid, F. 2006. ",,0,0
"0B70FC1C5FD047CF8CF0758BDED66BFF","D15","ONAQ","ONAQ_004","2014-06-01",2,"MAM.ONAQ.2014.06",100,0,100,"NEON.DOC.000481","Reid, F. 2006. ",,0,0
"738C34B7165E4535A3AE375E4128EAC0","D15","ONAQ","ONAQ_004","2014-06-02",3,"MAM.ONAQ.2014.06",100,0,100,"NEON.DOC.000481","Reid, F. 2006. ",,0,0
"EAA66FE28B06486E939FE9FDCECBFD7E","D15","ONAQ","ONAQ_005","2014-06-02",3,"MAM.ONAQ.2014.06",100,2,98,"NEON.DOC.000481","Reid, F. 2006. ",,0,0
"180C9EF1AA9E4DDA951CECC9C6AB6736","D15","ONAQ","ONAQ_015","2014-06-02",2,"MAM.ONAQ.2014.06",100,0,100,"NEON.DOC.000481","Reid, F. 2006. ",,0,1
"E4D84ABEEE7A4E939279B0E0DC24694A","D15","ONAQ","ONAQ_005","2014-06-24",1,"MAM.ONAQ.2014.07",100,0,100,"NEON.DOC.000481","NEON.DOC.001914",,0,0
"7B07F5FEAE914106930AA258C798D828","D15","ONAQ","ONAQ_021","2014-06-24",1,"MAM.ONAQ.2014.07",100,0,100,"NEON.DOC.000481","NEON.DOC.001914",,0,0
"C526D62E1E0B4F209108F396226EFBCB","D15","ONAQ","ONAQ_003","2014-06-24",1,"MAM.ONAQ.2014.07",100,0,100,"NEON.DOC.000481","NEON.DOC.001914",,0,1
"9460B48A89F94623AE872FB2D8507EE5","D15","ONAQ","ONAQ_005","2014-06-25",2,"MAM.ONAQ.2014.07",100,3,97,"NEON.DOC.000481","NEON.DOC.001914",,0,0
"8555C568162E4384AF8EA249C66F5F1C","D15","ONAQ","ONAQ_003","2014-06-25",2,"MAM.ONAQ.2014.07",100,0,100,"NEON.DOC.000481","NEON.DOC.001914",,0,1
"E7D5D3A25B2F40C3AB5CE9C6A926E30B","D15","ONAQ","ONAQ_021","2014-06-25",2,"MAM.ONAQ.2014.07",100,0,100,"NEON.DOC.000481","NEON.DOC.001914",,0,0
"D48823947B8243F7B688DF46D9779E9D","D15","ONAQ","ONAQ_021","2014-06-26",3,"MAM.ONAQ.2014.07",100,0,100,"NEON.DOC.000481","NEON.DOC.001914",,0,0
"795DC3F1392241FEA300B2B2E4CD7DC0","D15","ONAQ","ONAQ_005","2014-06-26",3,"MAM.ONAQ.2014.07",100,2,98,"NEON.DOC.000481","NEON.DOC.001914",,0,0
"56A656FB6DB64E749BDC13B1A82BD1D2","D15","ONAQ","ONAQ_014","2014-07-22",1,"MAM.ONAQ.2014.08",100,0,100,"NEON.DOC.000481","NEON.DOC.001914",,0,0
"B24A1B8044824D68A50BE4B788FD288E","D15","ONAQ","ONAQ_015","2014-07-22",1,"MAM.ONAQ.2014.08",100,0,100,"NEON.DOC.000481","NEON.DOC.001914",,0,0
"EA7E4450B1204A159136F97026503B06","D15","ONAQ","ONAQ_004","2014-07-22",1,"MAM.ONAQ.2014.08",100,1,99,"NEON.DOC.000481","Reid, F. 2006. ","Additional Resource used to identify animals was NEON.DOC.001914vA",0,0
"D286DBB0E19B474CABFA6D6B3B12D10C","D15","ONAQ","ONAQ_015","2014-07-23",2,"MAM.ONAQ.2014.08",26,1,25,"NEON.DOC.000481","NEON.DOC.001914",,0,0
"83108260605A443B86C62AB6632DD31B","D15","ONAQ","ONAQ_004","2014-07-23",2,"MAM.ONAQ.2014.08",100,0,100,"NEON.DOC.000481","NEON.DOC.001914",,0,0
"EDA46510877F435C83C805DFB0D62058","D15","ONAQ","ONAQ_014","2014-07-23",2,"MAM.ONAQ.2014.08",100,0,100,"NEON.DOC.000481","NEON.DOC.001914",,0,0
"0E224BF6BA0543CF8931448640691D59","D15","ONAQ","ONAQ_014","2014-07-24",3,"MAM.ONAQ.2014.08",100,0,100,"NEON.DOC.000481","NEON.DOC.001914",,0,0
"97308AA2A1F941008006B5C7783E6977","D15","ONAQ","ONAQ_004","2014-07-24",3,"MAM.ONAQ.2014.08",100,0,100,"NEON.DOC.000481","NEON.DOC.001914",,0,0
"B3D1A03E85C04D25B8FD2925BE0331CE","D15","ONAQ","ONAQ_015","2014-07-24",3,"MAM.ONAQ.2014.08",100,0,100,"NEON.DOC.000481","NEON.DOC.001914",,0,0
"779CD1C5ABE442658137445F6A7583E3","D15","ONAQ","ONAQ_021","2014-07-27",1,"MAM.ONAQ.2014.08",100,0,100,"NEON.DOC.000481","NEON.DOC.001914","PEPA's not processed because no pit tag reader was available.",0,0
"DDD8F6BBB78746EB8018C55EBE1676B6","D15","ONAQ","ONAQ_003","2014-07-27",1,"MAM.ONAQ.2014.08",100,0,100,"NEON.DOC.000481","NEON.DOC.001914","All PEPA's were released without processing. No tag reader was available, so it was not possible to determine if animals were recaptures or new captures.",0,0
"BDB46347AE864861A9C6D15B63919D53","D15","ONAQ","ONAQ_017","2014-07-27",1,"MAM.ONAQ.2014.08",98,0,98,"NEON.DOC.000481","NEON.DOC.001914",,0,0
"CA0DC86C7B4A45C1A1337F40A925D9B4","D15","ONAQ","ONAQ_017","2014-07-28",2,"MAM.ONAQ.2014.08",100,0,100,"NEON.DOC.000481","NEON.DOC.001914",,0,0
"06E360899B724A55854BB14B354706C8","D15","ONAQ","ONAQ_021","2014-07-28",2,"MAM.ONAQ.2014.08",100,0,100,"NEON.DOC.000481","NEON.DOC.001914",,0,0
"A80089CD4AAA4BF3929F8F59CFBEA614","D15","ONAQ","ONAQ_003","2014-07-28",2,"MAM.ONAQ.2014.08",100,0,100,"NEON.DOC.000481","NEON.DOC.001914",,0,0
"1CB265A28C6C41DC953F2147D8BDEEDB","D15","ONAQ","ONAQ_003","2014-07-29",3,"MAM.ONAQ.2014.08",100,0,100,"NEON.DOC.000481","NEON.DOC.001914","Last nine traps were very minimally processed b/c of logistical time constraints.",0,0
"0E0FEBDECC4D4E6C9D7CB6139D1353C4","D15","ONAQ","ONAQ_021","2014-07-29",3,"MAM.ONAQ.2014.08",100,2,98,"NEON.DOC.000481","NEON.DOC.001914",,0,0
"3DEC79FE3EDF4FCC8A127C5BA1B1A1E7","D15","ONAQ","ONAQ_017","2014-07-29",3,"MAM.ONAQ.2014.08",100,0,100,"NEON.DOC.000481","NEON.DOC.001914",,0,0
"DE318FD86D974E3B8C6311D20544C95D","D15","ONAQ","ONAQ_021","2014-08-24",1,"MAM.ONAQ.2014.09",100,1,99,"NEON.DOC.000481","NEON.DOC.001914",,0,0
"43A330B553C34BA4AEEC0513295B1A5F","D15","ONAQ","ONAQ_005","2014-08-24",1,"MAM.ONAQ.2014.09",100,7,93,"NEON.DOC.000481","NEON.DOC.001914","Several animals were released w/o processing due to logistical time constraints/high capture rates (after noon cut-off).",1,1
"E5E7DEF0B9BE42E98E62DB408B5E411C","D15","ONAQ","ONAQ_021","2014-08-25",2,"MAM.ONAQ.2014.09",100,0,100,"NEON.DOC.000481","NEON.DOC.001914",,0,0
"D502778557864C6B84569FE993D9D915","D15","ONAQ","ONAQ_005","2014-08-26",2,"MAM.ONAQ.2014.09",100,0,100,"NEON.DOC.000481","NEON.DOC.001914","Several animals were released w/o processing due to logistical time constraints/high capture rates.",0,1
"57389F9E1B414FA29C1961022F873D62","D15","ONAQ","ONAQ_021","2014-08-26",3,"MAM.ONAQ.2014.09",100,0,100,"NEON.DOC.000481","NEON.DOC.001914",,0,0
"499BBADC72264455AA7203276FE25BF4","D15","ONAQ","ONAQ_014","2014-09-20",1,"MAM.ONAQ.2014.10",99,0,99,"NEON.DOC.000481","NEON.DOC.001914",,0,1
"2AFADEB559C8454487EBD7CFFA24606A","D15","ONAQ","ONAQ_015","2014-09-20",1,"MAM.ONAQ.2014.10",97,0,97,"NEON.DOC.000481","NEON.DOC.001914","Some captured animals not processed because of logistical time constraints due to high capture rates.  Species and trap location recorded, as well as recapture status when possible.",0,1
"6B650E2AA5134FDBA0D76C59E87A3106","D15","ONAQ","ONAQ_021","2014-09-20",1,"MAM.ONAQ.2014.10",99,2,97,"NEON.DOC.000481","NEON.DOC.001914",,0,1
"974F9D04B7B942B69E1186D944DCD070","D15","ONAQ","ONAQ_021","2014-09-21",2,"MAM.ONAQ.2014.10",100,0,100,"NEON.DOC.000481","NEON.DOC.001914","No measurements for recaptured animals and no samples taken from any animals because of high capture rates.",0,1
"A926AB0BAADC4CA5851CD6570ABE9157","D15","ONAQ","ONAQ_015","2014-09-21",2,"MAM.ONAQ.2014.10",100,1,99,"NEON.DOC.000481","NEON.DOC.001914","Most captured animals on plot were released w/o processing, though species/trap station of all animals were recorded.  Recapture status also recorded, when possible.",0,1
"D73AE221027F4C2EA234F2254BAA76D9","D15","ONAQ","ONAQ_014","2014-09-21",2,"MAM.ONAQ.2014.10",100,0,100,"NEON.DOC.000481","NEON.DOC.001914",,0,1
"67160C110EC9443DA960341B694D6DEE","D15","ONAQ","ONAQ_003","2014-10-02",1,"MAM.ONAQ.2014.10",100,0,100,"NEON.DOC.000481","NEON.DOC.001914",,0,1
"233D464E6EF644ED89FD1D99604586BE","D15","ONAQ","ONAQ_017","2014-10-02",1,"MAM.ONAQ.2014.10",100,0,100,"NEON.DOC.000481","NEON.DOC.001914",,0,1
"38153682CCF54BC2B4138EDAAEC83153","D15","ONAQ","ONAQ_005","2014-10-03",1,"MAM.ONAQ.2014.10",99,0,99,"NEON.DOC.000481","NEON.DOC.001914",,0,1
"8CDA282D1C3A49B98C0A599D672FE86B","D15","ONAQ","ONAQ_017","2014-10-03",2,"MAM.ONAQ.2014.10",100,0,100,"NEON.DOC.000481","NEON.DOC.001914",,0,1
"334CDF06EE1A4E71BD7E561E8A033207","D15","ONAQ","ONAQ_017","2014-10-19",1,"MAM.ONAQ.2014.11",100,0,100,"NEON.DOC.000481","NEON.DOC.001914",,0,0
"8251BAB95CC64326B5D24B1F2E16BDFD","D15","ONAQ","ONAQ_003","2014-10-19",1,"MAM.ONAQ.2014.11",100,0,100,"NEON.DOC.000481","NEON.DOC.001914",,0,1
"714DA0157D3045BFB5872D57C344E300","D15","ONAQ","ONAQ_017","2014-10-20",2,"MAM.ONAQ.2014.11",100,1,99,"NEON.DOC.000481","NEON.DOC.001914",,0,0
"8B96F45A2E2641D0AD0E5077C20744C3","D15","ONAQ","ONAQ_003","2014-10-20",2,"MAM.ONAQ.2014.11",100,0,100,"NEON.DOC.000481","NEON.DOC.001914",,0,1
"C8B0A8F6224944F78E17E3CD1A04EC71","D15","ONAQ","ONAQ_017","2014-10-21",3,"MAM.ONAQ.2014.11",100,1,99,"NEON.DOC.000481","NEON.DOC.001914","Animals were released without handling due to logistical time constraints. It was hunting season and there were people activly hunting in the immediate vacinity of the plot.",1,0
"AE346C0EC21C4863A30C34F23605D6B9","D15","ONAQ","ONAQ_005","2014-10-21",1,"MAM.ONAQ.2014.11",100,0,100,"NEON.DOC.000481","NEON.DOC.001914",,0,1
"F573495E195147379D134EDD1E8DDE60","D15","ONAQ","ONAQ_015","2014-10-26",1,"MAM.ONAQ.2014.11",100,4,96,"NEON.DOC.000481","NEON.DOC.001914",,0,0
"57D170FAA7EE4B58BF7D54E2B6189542","D15","ONAQ","ONAQ_014","2014-10-26",1,"MAM.ONAQ.2014.11",100,0,100,"NEON.DOC.000481","NEON.DOC.001914",,0,0
"1D79A9B0DF6146F2968AB0FC7FF23A26","D15","ONAQ","ONAQ_014","2014-10-28",2,"MAM.ONAQ.2014.11",100,0,100,"NEON.DOC.000481","NEON.DOC.001914",,0,0
"BD82AB5284E64C2E9B7B126A9DFC2149","D15","ONAQ","ONAQ_015","2014-10-28",2,"MAM.ONAQ.2014.11",100,0,100,"NEON.DOC.000481","NEON.DOC.001914",,0,0
"21E55CCB81F44AB7B4F26A0C181C5BD5","D15","ONAQ","ONAQ_015","2014-10-29",3,"MAM.ONAQ.2014.11",100,0,100,"NEON.DOC.000481","NEON.DOC.001914",,0,0
"55DBBE700FD84B5EB4B044315D404912","D15","ONAQ","ONAQ_021","2014-10-29",1,"MAM.ONAQ.2014.11",100,0,100,"NEON.DOC.000481","NEON.DOC.001914",,0,1
"8526D82577A941DD8B94F8BF3A318717","D15","ONAQ","ONAQ_014","2014-10-29",3,"MAM.ONAQ.2014.11",100,0,100,"NEON.DOC.000481","NEON.DOC.001914","Captures only minimally processed due to logistical time constraints from very high capture rates for the day.",0,0
"247AF87F508C4E27B29B303E3C8DA6C5","D15","ONAQ","ONAQ_021","2014-10-30",2,"MAM.ONAQ.2014.11",100,0,100,"NEON.DOC.000481","NEON.DOC.001914",,0,1
